time,front_x
0.0025,7.5e-05
0.005,7.5e-05
0.0075,7.5e-05
0.01,7.5e-05
0.0125,7.5e-05
0.015,0.000125
0.0175,0.000125
0.02,0.000125
0.0225,0.000125
0.025,0.000125
0.0275,0.000125
0.03,0.000125
0.0325,0.000125
0.035,0.000125
0.0375,0.000125
0.04,0.000125
0.0425,0.000125
0.045,0.000125
0.0475,0.000125
0.05,0.000175
0.0525,0.000175
0.055,0.000175
0.0575,0.000175
0.06,0.000175
0.0625,0.000175
0.065,0.000175
0.0675,0.000175
0.07,0.000175
0.0725,0.000175
0.075,0.000175
0.0775,0.000175
0.08,0.000175
0.0825,0.000175
0.085,0.000175
0.0875,0.000175
0.09,0.000175
0.0925,0.000175
0.095,0.000175
0.0975,0.000175
0.1,0.000175
0.1025,0.000175
0.105,0.000225
0.1075,0.000225
0.11,0.000225
0.1125,0.000225
0.115,0.000225
0.1175,0.000225
0.12,0.000225
0.1225,0.000225
0.125,0.000225
0.1275,0.000225
0.13,0.000225
0.1325,0.000225
0.135,0.000225
0.1375,0.000225
0.14,0.000225
0.1425,0.000225
0.145,0.000225
0.1475,0.000225
0.15,0.000225
0.1525,0.000225
0.155,0.000225
0.1575,0.000225
0.16,0.000225
0.1625,0.000225
0.165,0.000225
0.1675,0.000225
0.17,0.000225
0.1725,0.000225
0.175,0.000225
0.1775,0.000225
0.18,0.000275
0.1825,0.000275
0.185,0.000275
0.1875,0.000275
0.19,0.000275
0.1925,0.000275
0.195,0.000275
0.1975,0.000275
0.2,0.000275
0.2025,0.000275
0.205,0.000275
0.2075,0.000275
0.21,0.000275
0.2125,0.000275
0.215,0.000275
0.2175,0.000275
0.22,0.000275
0.2225,0.000275
0.225,0.000275
0.2275,0.000275
0.23,0.000275
0.2325,0.000275
0.235,0.000275
0.2375,0.000275
0.24,0.000275
0.2425,0.000275
0.245,0.000275
0.2475,0.000275
0.25,0.000275
0.2525,0.000275
0.255,0.000275
0.2575,0.000275
0.26,0.000275
0.2625,0.000275
0.265,0.000275
0.2675,0.000275
0.27,0.000275
0.2725,0.000325
0.275,0.000325
0.2775,0.000325
0.28,0.000325
0.2825,0.000325
0.285,0.000325
0.2875,0.000325
0.29,0.000325
0.2925,0.000325
0.295,0.000325
0.2975,0.000325
0.3,0.000325
0.3025,0.000325
0.305,0.000325
0.3075,0.000325
0.31,0.000325
0.3125,0.000325
0.315,0.000325
0.3175,0.000325
0.32,0.000325
0.3225,0.000325
0.325,0.000325
0.3275,0.000325
0.33,0.000325
0.3325,0.000325
0.335,0.000325
0.3375,0.000325
0.34,0.000325
0.3425,0.000325
0.345,0.000325
0.3475,0.000325
0.35,0.000325
0.3525,0.000325
0.355,0.000325
0.3575,0.000325
0.36,0.000325
0.3625,0.000325
0.365,0.000325
0.3675,0.000325
0.37,0.000325
0.3725,0.000325
0.375,0.000325
0.3775,0.000325
0.38,0.000325
0.3825,0.000375
0.385,0.000375
0.3875,0.000375
0.39,0.000375
0.3925,0.000375
0.395,0.000375
0.3975,0.000375
0.4,0.000375
0.4025,0.000375
0.405,0.000375
0.4075,0.000375
0.41,0.000375
0.4125,0.000375
0.415,0.000375
0.4175,0.000375
0.42,0.000375
0.4225,0.000375
0.425,0.000375
0.4275,0.000375
0.43,0.000375
0.4325,0.000375
0.435,0.000375
0.4375,0.000375
0.44,0.000375
0.4425,0.000375
0.445,0.000375
0.4475,0.000375
0.45,0.000375
0.4525,0.000375
0.455,0.000375
0.4575,0.000375
0.46,0.000375
0.4625,0.000375
0.465,0.000375
0.4675,0.000375
0.47,0.000375
0.4725,0.000375
0.475,0.000375
0.4775,0.000375
0.48,0.000375
0.4825,0.000375
0.485,0.000375
0.4875,0.000375
0.49,0.000375
0.4925,0.000375
0.495,0.000375
0.4975,0.000375
0.5,0.000375
0.5025,0.000375
0.505,0.000375
0.5075,0.000375
0.51,0.000375
0.5125,0.000425
0.515,0.000425
0.5175,0.000425
0.52,0.000425
0.5225,0.000425
0.525,0.000425
0.5275,0.000425
0.53,0.000425
0.5325,0.000425
0.535,0.000425
0.5375,0.000425
0.54,0.000425
0.5425,0.000425
0.545,0.000425
0.5475,0.000425
0.55,0.000425
0.5525,0.000425
0.555,0.000425
0.5575,0.000425
0.56,0.000425
0.5625,0.000425
0.565,0.000425
0.5675,0.000425
0.57,0.000425
0.5725,0.000425
0.575,0.000425
0.5775,0.000425
0.58,0.000425
0.5825,0.000425
0.585,0.000425
0.5875,0.000425
0.59,0.000425
0.5925,0.000425
0.595,0.000425
0.5975,0.000425
0.6,0.000425
0.6025,0.000425
0.605,0.000425
0.6075,0.000425
0.61,0.000425
0.6125,0.000425
0.615,0.000425
0.6175,0.000425
0.62,0.000425
0.6225,0.000425
0.625,0.000425
0.6275,0.000425
0.63,0.000425
0.6325,0.000425
0.635,0.000425
0.6375,0.000425
0.64,0.000425
0.6425,0.000425
0.645,0.000425
0.6475,0.000425
0.65,0.000425
0.6525,0.000425
0.655,0.000425
0.6575,0.000425
0.66,0.000475
0.6625,0.000475
0.665,0.000475
0.6675,0.000475
0.67,0.000475
0.6725,0.000475
0.675,0.000475
0.6775,0.000475
0.68,0.000475
0.6825,0.000475
0.685,0.000475
0.6875,0.000475
0.69,0.000475
0.6925,0.000475
0.695,0.000475
0.6975,0.000475
0.7,0.000475
0.7025,0.000475
0.705,0.000475
0.7075,0.000475
0.71,0.000475
0.7125,0.000475
0.715,0.000475
0.7175,0.000475
0.72,0.000475
0.7225,0.000475
0.725,0.000475
0.7275,0.000475
0.73,0.000475
0.7325,0.000475
0.735,0.000475
0.7375,0.000475
0.74,0.000475
0.7425,0.000475
0.745,0.000475
0.7475,0.000475
0.75,0.000475
0.7525,0.000475
0.755,0.000475
0.7575,0.000475
0.76,0.000475
0.7625,0.000475
0.765,0.000475
0.7675,0.000475
0.77,0.000475
0.7725,0.000475
0.775,0.000475
0.7775,0.000475
0.78,0.000475
0.7825,0.000475
0.785,0.000475
0.7875,0.000475
0.79,0.000475
0.7925,0.000475
0.795,0.000475
0.7975,0.000475
0.8,0.000475
0.8025,0.000475
0.805,0.000475
0.8075,0.000475
0.81,0.000475
0.8125,0.000475
0.815,0.000475
0.8175,0.000475
0.82,0.000475
0.8225,0.000475
0.825,0.000475
0.8275,0.000525
0.83,0.000525
0.8325,0.000525
0.835,0.000525
0.8375,0.000525
0.84,0.000525
0.8425,0.000525
0.845,0.000525
0.8475,0.000525
0.85,0.000525
0.8525,0.000525
0.855,0.000525
0.8575,0.000525
0.86,0.000525
0.8625,0.000525
0.865,0.000525
0.8675,0.000525
0.87,0.000525
0.8725,0.000525
0.875,0.000525
0.8775,0.000525
0.88,0.000525
0.8825,0.000525
0.885,0.000525
0.8875,0.000525
0.89,0.000525
0.8925,0.000525
0.895,0.000525
0.8975,0.000525
0.9,0.000525
0.9025,0.000525
0.905,0.000525
0.9075,0.000525
0.91,0.000525
0.9125,0.000525
0.915,0.000525
0.9175,0.000525
0.92,0.000525
0.9225,0.000525
0.925,0.000525
0.9275,0.000525
0.93,0.000525
0.9325,0.000525
0.935,0.000525
0.9375,0.000525
0.94,0.000525
0.9425,0.000525
0.945,0.000525
0.9475,0.000525
0.95,0.000525
0.9525,0.000525
0.955,0.000525
0.9575,0.000525
0.96,0.000525
0.9625,0.000525
0.965,0.000525
0.9675,0.000525
0.97,0.000525
0.9725,0.000525
0.975,0.000525
0.9775,0.000525
0.98,0.000525
0.9825,0.000525
0.985,0.000525
0.9875,0.000525
0.99,0.000525
0.9925,0.000525
0.995,0.000525
0.9975,0.000525
1,0.000525
1.0025,0.000525
1.005,0.000525
1.0075,0.000525
1.01,0.000525
1.0125,0.000525
1.015,0.000575
1.0175,0.000575
1.02,0.000575
1.0225,0.000575
1.025,0.000575
1.0275,0.000575
1.03,0.000575
1.0325,0.000575
1.035,0.000575
1.0375,0.000575
1.04,0.000575
1.0425,0.000575
1.045,0.000575
1.0475,0.000575
1.05,0.000575
1.0525,0.000575
1.055,0.000575
1.0575,0.000575
1.06,0.000575
1.0625,0.000575
1.065,0.000575
1.0675,0.000575
1.07,0.000575
1.0725,0.000575
1.075,0.000575
1.0775,0.000575
1.08,0.000575
1.0825,0.000575
1.085,0.000575
1.0875,0.000575
1.09,0.000575
1.0925,0.000575
1.095,0.000575
1.0975,0.000575
1.1,0.000575
1.1025,0.000575
1.105,0.000575
1.1075,0.000575
1.11,0.000575
1.1125,0.000575
1.115,0.000575
1.1175,0.000575
1.12,0.000575
1.1225,0.000575
1.125,0.000575
1.1275,0.000575
1.13,0.000575
1.1325,0.000575
1.135,0.000575
1.1375,0.000575
1.14,0.000575
1.1425,0.000575
1.145,0.000575
1.1475,0.000575
1.15,0.000575
1.1525,0.000575
1.155,0.000575
1.1575,0.000575
1.16,0.000575
1.1625,0.000575
1.165,0.000575
1.1675,0.000575
1.17,0.000575
1.1725,0.000575
1.175,0.000575
1.1775,0.000575
1.18,0.000575
1.1825,0.000575
1.185,0.000575
1.1875,0.000575
1.19,0.000575
1.1925,0.000575
1.195,0.000575
1.1975,0.000575
1.2,0.000575
1.2025,0.000575
1.205,0.000575
1.2075,0.000575
1.21,0.000575
1.2125,0.000575
1.215,0.000575
1.2175,0.000575
1.22,0.000625
1.2225,0.000625
1.225,0.000625
1.2275,0.000625
1.23,0.000625
1.2325,0.000625
1.235,0.000625
1.2375,0.000625
1.24,0.000625
1.2425,0.000625
1.245,0.000625
1.2475,0.000625
1.25,0.000625
1.2525,0.000625
1.255,0.000625
1.2575,0.000625
1.26,0.000625
1.2625,0.000625
1.265,0.000625
1.2675,0.000625
1.27,0.000625
1.2725,0.000625
1.275,0.000625
1.2775,0.000625
1.28,0.000625
1.2825,0.000625
1.285,0.000625
1.2875,0.000625
1.29,0.000625
1.2925,0.000625
1.295,0.000625
1.2975,0.000625
1.3,0.000625
1.3025,0.000625
1.305,0.000625
1.3075,0.000625
1.31,0.000625
1.3125,0.000625
1.315,0.000625
1.3175,0.000625
1.32,0.000625
1.3225,0.000625
1.325,0.000625
1.3275,0.000625
1.33,0.000625
1.3325,0.000625
1.335,0.000625
1.3375,0.000625
1.34,0.000625
1.3425,0.000625
1.345,0.000625
1.3475,0.000625
1.35,0.000625
1.3525,0.000625
1.355,0.000625
1.3575,0.000625
1.36,0.000625
1.3625,0.000625
1.365,0.000625
1.3675,0.000625
1.37,0.000625
1.3725,0.000625
1.375,0.000625
1.3775,0.000625
1.38,0.000625
1.3825,0.000625
1.385,0.000625
1.3875,0.000625
1.39,0.000625
1.3925,0.000625
1.395,0.000625
1.3975,0.000625
1.4,0.000625
1.4025,0.000625
1.405,0.000625
1.4075,0.000625
1.41,0.000625
1.4125,0.000625
1.415,0.000625
1.4175,0.000625
1.42,0.000625
1.4225,0.000625
1.425,0.000625
1.4275,0.000625
1.43,0.000625
1.4325,0.000625
1.435,0.000625
1.4375,0.000625
1.44,0.000625
1.4425,0.000675
1.445,0.000675
1.4475,0.000675
1.45,0.000675
1.4525,0.000675
1.455,0.000675
1.4575,0.000675
1.46,0.000675
1.4625,0.000675
1.465,0.000675
1.4675,0.000675
1.47,0.000675
1.4725,0.000675
1.475,0.000675
1.4775,0.000675
1.48,0.000675
1.4825,0.000675
1.485,0.000675
1.4875,0.000675
1.49,0.000675
1.4925,0.000675
1.495,0.000675
1.4975,0.000675
1.5,0.000675
1.5025,0.000675
1.505,0.000675
1.5075,0.000675
1.51,0.000675
1.5125,0.000675
1.515,0.000675
1.5175,0.000675
1.52,0.000675
1.5225,0.000675
1.525,0.000675
1.5275,0.000675
1.53,0.000675
1.5325,0.000675
1.535,0.000675
1.5375,0.000675
1.54,0.000675
1.5425,0.000675
1.545,0.000675
1.5475,0.000675
1.55,0.000675
1.5525,0.000675
1.555,0.000675
1.5575,0.000675
1.56,0.000675
1.5625,0.000675
1.565,0.000675
1.5675,0.000675
1.57,0.000675
1.5725,0.000675
1.575,0.000675
1.5775,0.000675
1.58,0.000675
1.5825,0.000675
1.585,0.000675
1.5875,0.000675
1.59,0.000675
1.5925,0.000675
1.595,0.000675
1.5975,0.000675
1.6,0.000675
1.6025,0.000675
1.605,0.000675
1.6075,0.000675
1.61,0.000675
1.6125,0.000675
1.615,0.000675
1.6175,0.000675
1.62,0.000675
1.6225,0.000675
1.625,0.000675
1.6275,0.000675
1.63,0.000675
1.6325,0.000675
1.635,0.000675
1.6375,0.000675
1.64,0.000675
1.6425,0.000675
1.645,0.000675
1.6475,0.000675
1.65,0.000675
1.6525,0.000675
1.655,0.000675
1.6575,0.000675
1.66,0.000675
1.6625,0.000675
1.665,0.000675
1.6675,0.000675
1.67,0.000675
1.6725,0.000675
1.675,0.000675
1.6775,0.000675
1.68,0.000675
1.6825,0.000675
1.685,0.000725
1.6875,0.000725
1.69,0.000725
1.6925,0.000725
1.695,0.000725
1.6975,0.000725
1.7,0.000725
1.7025,0.000725
1.705,0.000725
1.7075,0.000725
1.71,0.000725
1.7125,0.000725
1.715,0.000725
1.7175,0.000725
1.72,0.000725
1.7225,0.000725
1.725,0.000725
1.7275,0.000725
1.73,0.000725
1.7325,0.000725
1.735,0.000725
1.7375,0.000725
1.74,0.000725
1.7425,0.000725
1.745,0.000725
1.7475,0.000725
1.75,0.000725
1.7525,0.000725
1.755,0.000725
1.7575,0.000725
1.76,0.000725
1.7625,0.000725
1.765,0.000725
1.7675,0.000725
1.77,0.000725
1.7725,0.000725
1.775,0.000725
1.7775,0.000725
1.78,0.000725
1.7825,0.000725
1.785,0.000725
1.7875,0.000725
1.79,0.000725
1.7925,0.000725
1.795,0.000725
1.7975,0.000725
1.8,0.000725
1.8025,0.000725
1.805,0.000725
1.8075,0.000725
1.81,0.000725
1.8125,0.000725
1.815,0.000725
1.8175,0.000725
1.82,0.000725
1.8225,0.000725
1.825,0.000725
1.8275,0.000725
1.83,0.000725
1.8325,0.000725
1.835,0.000725
1.8375,0.000725
1.84,0.000725
1.8425,0.000725
1.845,0.000725
1.8475,0.000725
1.85,0.000725
1.8525,0.000725
1.855,0.000725
1.8575,0.000725
1.86,0.000725
1.8625,0.000725
1.865,0.000725
1.8675,0.000725
1.87,0.000725
1.8725,0.000725
1.875,0.000725
1.8775,0.000725
1.88,0.000725
1.8825,0.000725
1.885,0.000725
1.8875,0.000725
1.89,0.000725
1.8925,0.000725
1.895,0.000725
1.8975,0.000725
1.9,0.000725
1.9025,0.000725
1.905,0.000725
1.9075,0.000725
1.91,0.000725
1.9125,0.000725
1.915,0.000725
1.9175,0.000725
1.92,0.000725
1.9225,0.000725
1.925,0.000725
1.9275,0.000725
1.93,0.000725
1.9325,0.000725
1.935,0.000725
1.9375,0.000725
1.94,0.000725
1.9425,0.000725
1.945,0.000775
1.9475,0.000775
1.95,0.000775
1.9525,0.000775
1.955,0.000775
1.9575,0.000775
1.96,0.000775
1.9625,0.000775
1.965,0.000775
1.9675,0.000775
1.97,0.000775
1.9725,0.000775
1.975,0.000775
1.9775,0.000775
1.98,0.000775
1.9825,0.000775
1.985,0.000775
1.9875,0.000775
1.99,0.000775
1.9925,0.000775
1.995,0.000775
1.9975,0.000775
2,0.000775
2.0025,0.000775
2.005,0.000775
2.0075,0.000775
2.01,0.000775
2.0125,0.000775
2.015,0.000775
2.0175,0.000775
2.02,0.000775
2.0225,0.000775
2.025,0.000775
2.0275,0.000775
2.03,0.000775
2.0325,0.000775
2.035,0.000775
2.0375,0.000775
2.04,0.000775
2.0425,0.000775
2.045,0.000775
2.0475,0.000775
2.05,0.000775
2.0525,0.000775
2.055,0.000775
2.0575,0.000775
2.06,0.000775
2.0625,0.000775
2.065,0.000775
2.0675,0.000775
2.07,0.000775
2.0725,0.000775
2.075,0.000775
2.0775,0.000775
2.08,0.000775
2.0825,0.000775
2.085,0.000775
2.0875,0.000775
2.09,0.000775
2.0925,0.000775
2.095,0.000775
2.0975,0.000775
2.1,0.000775
2.1025,0.000775
2.105,0.000775
2.1075,0.000775
2.11,0.000775
2.1125,0.000775
2.115,0.000775
2.1175,0.000775
2.12,0.000775
2.1225,0.000775
2.125,0.000775
2.1275,0.000775
2.13,0.000775
2.1325,0.000775
2.135,0.000775
2.1375,0.000775
2.14,0.000775
2.1425,0.000775
2.145,0.000775
2.1475,0.000775
2.15,0.000775
2.1525,0.000775
2.155,0.000775
2.1575,0.000775
2.16,0.000775
2.1625,0.000775
2.165,0.000775
2.1675,0.000775
2.17,0.000775
2.1725,0.000775
2.175,0.000775
2.1775,0.000775
2.18,0.000775
2.1825,0.000775
2.185,0.000775
2.1875,0.000775
2.19,0.000775
2.1925,0.000775
2.195,0.000775
2.1975,0.000775
2.2,0.000775
2.2025,0.000775
2.205,0.000775
2.2075,0.000775
2.21,0.000775
2.2125,0.000775
2.215,0.000775
2.2175,0.000775
2.22,0.000775
2.2225,0.000775
2.225,0.000825
2.2275,0.000825
2.23,0.000825
2.2325,0.000825
2.235,0.000825
2.2375,0.000825
2.24,0.000825
2.2425,0.000825
2.245,0.000825
2.2475,0.000825
2.25,0.000825
2.2525,0.000825
2.255,0.000825
2.2575,0.000825
2.26,0.000825
2.2625,0.000825
2.265,0.000825
2.2675,0.000825
2.27,0.000825
2.2725,0.000825
2.275,0.000825
2.2775,0.000825
2.28,0.000825
2.2825,0.000825
2.285,0.000825
2.2875,0.000825
2.29,0.000825
2.2925,0.000825
2.295,0.000825
2.2975,0.000825
2.3,0.000825
2.3025,0.000825
2.305,0.000825
2.3075,0.000825
2.31,0.000825
2.3125,0.000825
2.315,0.000825
2.3175,0.000825
2.32,0.000825
2.3225,0.000825
2.325,0.000825
2.3275,0.000825
2.33,0.000825
2.3325,0.000825
2.335,0.000825
2.3375,0.000825
2.34,0.000825
2.3425,0.000825
2.345,0.000825
2.3475,0.000825
2.35,0.000825
2.3525,0.000825
2.355,0.000825
2.3575,0.000825
2.36,0.000825
2.3625,0.000825
2.365,0.000825
2.3675,0.000825
2.37,0.000825
2.3725,0.000825
2.375,0.000825
2.3775,0.000825
2.38,0.000825
2.3825,0.000825
2.385,0.000825
2.3875,0.000825
2.39,0.000825
2.3925,0.000825
2.395,0.000825
2.3975,0.000825
2.4,0.000825
2.4025,0.000825
2.405,0.000825
2.4075,0.000825
2.41,0.000825
2.4125,0.000825
2.415,0.000825
2.4175,0.000825
2.42,0.000825
2.4225,0.000825
2.425,0.000825
2.4275,0.000825
2.43,0.000825
2.4325,0.000825
2.435,0.000825
2.4375,0.000825
2.44,0.000825
2.4425,0.000825
2.445,0.000825
2.4475,0.000825
2.45,0.000825
2.4525,0.000825
2.455,0.000825
2.4575,0.000825
2.46,0.000825
2.4625,0.000825
2.465,0.000825
2.4675,0.000825
2.47,0.000825
2.4725,0.000825
2.475,0.000825
2.4775,0.000825
2.48,0.000825
2.4825,0.000825
2.485,0.000825
2.4875,0.000825
2.49,0.000825
2.4925,0.000825
2.495,0.000825
2.4975,0.000825
2.5,0.000825
2.5025,0.000825
2.505,0.000825
2.5075,0.000825
2.51,0.000825
2.5125,0.000825
2.515,0.000825
2.5175,0.000825
2.52,0.000825
2.5225,0.000825
2.525,0.000875
2.5275,0.000875
2.53,0.000875
2.5325,0.000875
2.535,0.000875
2.5375,0.000875
2.54,0.000875
2.5425,0.000875
2.545,0.000875
2.5475,0.000875
2.55,0.000875
2.5525,0.000875
2.555,0.000875
2.5575,0.000875
2.56,0.000875
2.5625,0.000875
2.565,0.000875
2.5675,0.000875
2.57,0.000875
2.5725,0.000875
2.575,0.000875
2.5775,0.000875
2.58,0.000875
2.5825,0.000875
2.585,0.000875
2.5875,0.000875
2.59,0.000875
2.5925,0.000875
2.595,0.000875
2.5975,0.000875
2.6,0.000875
2.6025,0.000875
2.605,0.000875
2.6075,0.000875
2.61,0.000875
2.6125,0.000875
2.615,0.000875
2.6175,0.000875
2.62,0.000875
2.6225,0.000875
2.625,0.000875
2.6275,0.000875
2.63,0.000875
2.6325,0.000875
2.635,0.000875
2.6375,0.000875
2.64,0.000875
2.6425,0.000875
2.645,0.000875
2.6475,0.000875
2.65,0.000875
2.6525,0.000875
2.655,0.000875
2.6575,0.000875
2.66,0.000875
2.6625,0.000875
2.665,0.000875
2.6675,0.000875
2.67,0.000875
2.6725,0.000875
2.675,0.000875
2.6775,0.000875
2.68,0.000875
2.6825,0.000875
2.685,0.000875
2.6875,0.000875
2.69,0.000875
2.6925,0.000875
2.695,0.000875
2.6975,0.000875
2.7,0.000875
2.7025,0.000875
2.705,0.000875
2.7075,0.000875
2.71,0.000875
2.7125,0.000875
2.715,0.000875
2.7175,0.000875
2.72,0.000875
2.7225,0.000875
2.725,0.000875
2.7275,0.000875
2.73,0.000875
2.7325,0.000875
2.735,0.000875
2.7375,0.000875
2.74,0.000875
2.7425,0.000875
2.745,0.000875
2.7475,0.000875
2.75,0.000875
2.7525,0.000875
2.755,0.000875
2.7575,0.000875
2.76,0.000875
2.7625,0.000875
2.765,0.000875
2.7675,0.000875
2.77,0.000875
2.7725,0.000875
2.775,0.000875
2.7775,0.000875
2.78,0.000875
2.7825,0.000875
2.785,0.000875
2.7875,0.000875
2.79,0.000875
2.7925,0.000875
2.795,0.000875
2.7975,0.000875
2.8,0.000875
2.8025,0.000875
2.805,0.000875
2.8075,0.000875
2.81,0.000875
2.8125,0.000875
2.815,0.000875
2.8175,0.000875
2.82,0.000875
2.8225,0.000875
2.825,0.000875
2.8275,0.000875
2.83,0.000875
2.8325,0.000875
2.835,0.000875
2.8375,0.000875
2.84,0.000925
2.8425,0.000925
2.845,0.000925
2.8475,0.000925
2.85,0.000925
2.8525,0.000925
2.855,0.000925
2.8575,0.000925
2.86,0.000925
2.8625,0.000925
2.865,0.000925
2.8675,0.000925
2.87,0.000925
2.8725,0.000925
2.875,0.000925
2.8775,0.000925
2.88,0.000925
2.8825,0.000925
2.885,0.000925
2.8875,0.000925
2.89,0.000925
2.8925,0.000925
2.895,0.000925
2.8975,0.000925
2.9,0.000925
2.9025,0.000925
2.905,0.000925
2.9075,0.000925
2.91,0.000925
2.9125,0.000925
2.915,0.000925
2.9175,0.000925
2.92,0.000925
2.9225,0.000925
2.925,0.000925
2.9275,0.000925
2.93,0.000925
2.9325,0.000925
2.935,0.000925
2.9375,0.000925
2.94,0.000925
2.9425,0.000925
2.945,0.000925
2.9475,0.000925
2.95,0.000925
2.9525,0.000925
2.955,0.000925
2.9575,0.000925
2.96,0.000925
2.9625,0.000925
2.965,0.000925
2.9675,0.000925
2.97,0.000925
2.9725,0.000925
2.975,0.000925
2.9775,0.000925
2.98,0.000925
2.9825,0.000925
2.985,0.000925
2.9875,0.000925
2.99,0.000925
2.9925,0.000925
2.995,0.000925
2.9975,0.000925
3,0.000925
3.0025,0.000925
3.005,0.000925
3.0075,0.000925
3.01,0.000925
3.0125,0.000925
3.015,0.000925
3.0175,0.000925
3.02,0.000925
3.0225,0.000925
3.025,0.000925
3.0275,0.000925
3.03,0.000925
3.0325,0.000925
3.035,0.000925
3.0375,0.000925
3.04,0.000925
3.0425,0.000925
3.045,0.000925
3.0475,0.000925
3.05,0.000925
3.0525,0.000925
3.055,0.000925
3.0575,0.000925
3.06,0.000925
3.0625,0.000925
3.065,0.000925
3.0675,0.000925
3.07,0.000925
3.0725,0.000925
3.075,0.000925
3.0775,0.000925
3.08,0.000925
3.0825,0.000925
3.085,0.000925
3.0875,0.000925
3.09,0.000925
3.0925,0.000925
3.095,0.000925
3.0975,0.000925
3.1,0.000925
3.1025,0.000925
3.105,0.000925
3.1075,0.000925
3.11,0.000925
3.1125,0.000925
3.115,0.000925
3.1175,0.000925
3.12,0.000925
3.1225,0.000925
3.125,0.000925
3.1275,0.000925
3.13,0.000925
3.1325,0.000925
3.135,0.000925
3.1375,0.000925
3.14,0.000925
3.1425,0.000925
3.145,0.000925
3.1475,0.000925
3.15,0.000925
3.1525,0.000925
3.155,0.000925
3.1575,0.000925
3.16,0.000925
3.1625,0.000925
3.165,0.000925
3.1675,0.000925
3.17,0.000925
3.1725,0.000925
3.175,0.000925
3.1775,0.000975
3.18,0.000975
3.1825,0.000975
3.185,0.000975
3.1875,0.000975
3.19,0.000975
3.1925,0.000975
3.195,0.000975
3.1975,0.000975
3.2,0.000975
3.2025,0.000975
3.205,0.000975
3.2075,0.000975
3.21,0.000975
3.2125,0.000975
3.215,0.000975
3.2175,0.000975
3.22,0.000975
3.2225,0.000975
3.225,0.000975
3.2275,0.000975
3.23,0.000975
3.2325,0.000975
3.235,0.000975
3.2375,0.000975
3.24,0.000975
3.2425,0.000975
3.245,0.000975
3.2475,0.000975
3.25,0.000975
3.2525,0.000975
3.255,0.000975
3.2575,0.000975
3.26,0.000975
3.2625,0.000975
3.265,0.000975
3.2675,0.000975
3.27,0.000975
3.2725,0.000975
3.275,0.000975
3.2775,0.000975
3.28,0.000975
3.2825,0.000975
3.285,0.000975
3.2875,0.000975
3.29,0.000975
3.2925,0.000975
3.295,0.000975
3.2975,0.000975
3.3,0.000975
3.3025,0.000975
3.305,0.000975
3.3075,0.000975
3.31,0.000975
3.3125,0.000975
3.315,0.000975
3.3175,0.000975
3.32,0.000975
3.3225,0.000975
3.325,0.000975
3.3275,0.000975
3.33,0.000975
3.3325,0.000975
3.335,0.000975
3.3375,0.000975
3.34,0.000975
3.3425,0.000975
3.345,0.000975
3.3475,0.000975
3.35,0.000975
3.3525,0.000975
3.355,0.000975
3.3575,0.000975
3.36,0.000975
3.3625,0.000975
3.365,0.000975
3.3675,0.000975
3.37,0.000975
3.3725,0.000975
3.375,0.000975
3.3775,0.000975
3.38,0.000975
3.3825,0.000975
3.385,0.000975
3.3875,0.000975
3.39,0.000975
3.3925,0.000975
3.395,0.000975
3.3975,0.000975
3.4,0.000975
3.4025,0.000975
3.405,0.000975
3.4075,0.000975
3.41,0.000975
3.4125,0.000975
3.415,0.000975
3.4175,0.000975
3.42,0.000975
3.4225,0.000975
3.425,0.000975
3.4275,0.000975
3.43,0.000975
3.4325,0.000975
3.435,0.000975
3.4375,0.000975
3.44,0.000975
3.4425,0.000975
3.445,0.000975
3.4475,0.000975
3.45,0.000975
3.4525,0.000975
3.455,0.000975
3.4575,0.000975
3.46,0.000975
3.4625,0.000975
3.465,0.000975
3.4675,0.000975
3.47,0.000975
3.4725,0.000975
3.475,0.000975
3.4775,0.000975
3.48,0.000975
3.4825,0.000975
3.485,0.000975
3.4875,0.000975
3.49,0.000975
3.4925,0.000975
3.495,0.000975
3.4975,0.000975
3.5,0.000975
3.5025,0.000975
3.505,0.000975
3.5075,0.000975
3.51,0.000975
3.5125,0.000975
3.515,0.000975
3.5175,0.000975
3.52,0.000975
3.5225,0.000975
3.525,0.000975
3.5275,0.000975
3.53,0.000975
3.5325,0.001025
3.535,0.001025
3.5375,0.001025
3.54,0.001025
3.5425,0.001025
3.545,0.001025
3.5475,0.001025
3.55,0.001025
3.5525,0.001025
3.555,0.001025
3.5575,0.001025
3.56,0.001025
3.5625,0.001025
3.565,0.001025
3.5675,0.001025
3.57,0.001025
3.5725,0.001025
3.575,0.001025
3.5775,0.001025
3.58,0.001025
3.5825,0.001025
3.585,0.001025
3.5875,0.001025
3.59,0.001025
3.5925,0.001025
3.595,0.001025
3.5975,0.001025
3.6,0.001025
3.6025,0.001025
3.605,0.001025
3.6075,0.001025
3.61,0.001025
3.6125,0.001025
3.615,0.001025
3.6175,0.001025
3.62,0.001025
3.6225,0.001025
3.625,0.001025
3.6275,0.001025
3.63,0.001025
3.6325,0.001025
3.635,0.001025
3.6375,0.001025
3.64,0.001025
3.6425,0.001025
3.645,0.001025
3.6475,0.001025
3.65,0.001025
3.6525,0.001025
3.655,0.001025
3.6575,0.001025
3.66,0.001025
3.6625,0.001025
3.665,0.001025
3.6675,0.001025
3.67,0.001025
3.6725,0.001025
3.675,0.001025
3.6775,0.001025
3.68,0.001025
3.6825,0.001025
3.685,0.001025
3.6875,0.001025
3.69,0.001025
3.6925,0.001025
3.695,0.001025
3.6975,0.001025
3.7,0.001025
3.7025,0.001025
3.705,0.001025
3.7075,0.001025
3.71,0.001025
3.7125,0.001025
3.715,0.001025
3.7175,0.001025
3.72,0.001025
3.7225,0.001025
3.725,0.001025
3.7275,0.001025
3.73,0.001025
3.7325,0.001025
3.735,0.001025
3.7375,0.001025
3.74,0.001025
3.7425,0.001025
3.745,0.001025
3.7475,0.001025
3.75,0.001025
3.7525,0.001025
3.755,0.001025
3.7575,0.001025
3.76,0.001025
3.7625,0.001025
3.765,0.001025
3.7675,0.001025
3.77,0.001025
3.7725,0.001025
3.775,0.001025
3.7775,0.001025
3.78,0.001025
3.7825,0.001025
3.785,0.001025
3.7875,0.001025
3.79,0.001025
3.7925,0.001025
3.795,0.001025
3.7975,0.001025
3.8,0.001025
3.8025,0.001025
3.805,0.001025
3.8075,0.001025
3.81,0.001025
3.8125,0.001025
3.815,0.001025
3.8175,0.001025
3.82,0.001025
3.8225,0.001025
3.825,0.001025
3.8275,0.001025
3.83,0.001025
3.8325,0.001025
3.835,0.001025
3.8375,0.001025
3.84,0.001025
3.8425,0.001025
3.845,0.001025
3.8475,0.001025
3.85,0.001025
3.8525,0.001025
3.855,0.001025
3.8575,0.001025
3.86,0.001025
3.8625,0.001025
3.865,0.001025
3.8675,0.001025
3.87,0.001025
3.8725,0.001025
3.875,0.001025
3.8775,0.001025
3.88,0.001025
3.8825,0.001025
3.885,0.001025
3.8875,0.001025
3.89,0.001025
3.8925,0.001025
3.895,0.001025
3.8975,0.001025
3.9,0.001025
3.9025,0.001025
3.905,0.001075
3.9075,0.001075
3.91,0.001075
3.9125,0.001075
3.915,0.001075
3.9175,0.001075
3.92,0.001075
3.9225,0.001075
3.925,0.001075
3.9275,0.001075
3.93,0.001075
3.9325,0.001075
3.935,0.001075
3.9375,0.001075
3.94,0.001075
3.9425,0.001075
3.945,0.001075
3.9475,0.001075
3.95,0.001075
3.9525,0.001075
3.955,0.001075
3.9575,0.001075
3.96,0.001075
3.9625,0.001075
3.965,0.001075
3.9675,0.001075
3.97,0.001075
3.9725,0.001075
3.975,0.001075
3.9775,0.001075
3.98,0.001075
3.9825,0.001075
3.985,0.001075
3.9875,0.001075
3.99,0.001075
3.9925,0.001075
3.995,0.001075
3.9975,0.001075
4,0.001075
4.0025,0.001075
4.005,0.001075
4.0075,0.001075
4.01,0.001075
4.0125,0.001075
4.015,0.001075
4.0175,0.001075
4.02,0.001075
4.0225,0.001075
4.025,0.001075
4.0275,0.001075
4.03,0.001075
4.0325,0.001075
4.035,0.001075
4.0375,0.001075
4.04,0.001075
4.0425,0.001075
4.045,0.001075
4.0475,0.001075
4.05,0.001075
4.0525,0.001075
4.055,0.001075
4.0575,0.001075
4.06,0.001075
4.0625,0.001075
4.065,0.001075
4.0675,0.001075
4.07,0.001075
4.0725,0.001075
4.075,0.001075
4.0775,0.001075
4.08,0.001075
4.0825,0.001075
4.085,0.001075
4.0875,0.001075
4.09,0.001075
4.0925,0.001075
4.095,0.001075
4.0975,0.001075
4.1,0.001075
4.1025,0.001075
4.105,0.001075
4.1075,0.001075
4.11,0.001075
4.1125,0.001075
4.115,0.001075
4.1175,0.001075
4.12,0.001075
4.1225,0.001075
4.125,0.001075
4.1275,0.001075
4.13,0.001075
4.1325,0.001075
4.135,0.001075
4.1375,0.001075
4.14,0.001075
4.1425,0.001075
4.145,0.001075
4.1475,0.001075
4.15,0.001075
4.1525,0.001075
4.155,0.001075
4.1575,0.001075
4.16,0.001075
4.1625,0.001075
4.165,0.001075
4.1675,0.001075
4.17,0.001075
4.1725,0.001075
4.175,0.001075
4.1775,0.001075
4.18,0.001075
4.1825,0.001075
4.185,0.001075
4.1875,0.001075
4.19,0.001075
4.1925,0.001075
4.195,0.001075
4.1975,0.001075
4.2,0.001075
4.2025,0.001075
4.205,0.001075
4.2075,0.001075
4.21,0.001075
4.2125,0.001075
4.215,0.001075
4.2175,0.001075
4.22,0.001075
4.2225,0.001075
4.225,0.001075
4.2275,0.001075
4.23,0.001075
4.2325,0.001075
4.235,0.001075
4.2375,0.001075
4.24,0.001075
4.2425,0.001075
4.245,0.001075
4.2475,0.001075
4.25,0.001075
4.2525,0.001075
4.255,0.001075
4.2575,0.001075
4.26,0.001075
4.2625,0.001075
4.265,0.001075
4.2675,0.001075
4.27,0.001075
4.2725,0.001075
4.275,0.001075
4.2775,0.001075
4.28,0.001075
4.2825,0.001075
4.285,0.001075
4.2875,0.001075
4.29,0.001075
4.2925,0.001075
4.295,0.001075
4.2975,0.001125
4.3,0.001125
4.3025,0.001125
4.305,0.001125
4.3075,0.001125
4.31,0.001125
4.3125,0.001125
4.315,0.001125
4.3175,0.001125
4.32,0.001125
4.3225,0.001125
4.325,0.001125
4.3275,0.001125
4.33,0.001125
4.3325,0.001125
4.335,0.001125
4.3375,0.001125
4.34,0.001125
4.3425,0.001125
4.345,0.001125
4.3475,0.001125
4.35,0.001125
4.3525,0.001125
4.355,0.001125
4.3575,0.001125
4.36,0.001125
4.3625,0.001125
4.365,0.001125
4.3675,0.001125
4.37,0.001125
4.3725,0.001125
4.375,0.001125
4.3775,0.001125
4.38,0.001125
4.3825,0.001125
4.385,0.001625
4.3875,0.001675
4.39,0.001675
4.3925,0.001675
4.395,0.001675
4.3975,0.001675
4.4,0.001675
4.4025,0.001675
4.405,0.001675
4.4075,0.001675
4.41,0.001675
4.4125,0.001675
4.415,0.001675
4.4175,0.001675
4.42,0.001675
4.4225,0.001675
4.425,0.001675
4.4275,0.001675
4.43,0.001675
4.4325,0.001675
4.435,0.001675
4.4375,0.001675
4.44,0.001675
4.4425,0.001675
4.445,0.001675
4.4475,0.001675
4.45,0.001675
4.4525,0.001675
4.455,0.001675
4.4575,0.001675
4.46,0.001675
4.4625,0.001675
4.465,0.001675
4.4675,0.001675
4.47,0.001675
4.4725,0.001675
4.475,0.001675
4.4775,0.001675
4.48,0.001675
4.4825,0.001675
4.485,0.001675
4.4875,0.001675
4.49,0.001675
4.4925,0.001675
4.495,0.001675
4.4975,0.001675
4.5,0.001675
4.5025,0.001675
4.505,0.001675
4.5075,0.001675
4.51,0.001675
4.5125,0.001675
4.515,0.001675
4.5175,0.001675
4.52,0.001675
4.5225,0.001675
4.525,0.001675
4.5275,0.001675
4.53,0.001675
4.5325,0.001675
4.535,0.001675
4.5375,0.001675
4.54,0.001675
4.5425,0.001675
4.545,0.001675
4.5475,0.001675
4.55,0.001675
4.5525,0.001675
4.555,0.001675
4.5575,0.001675
4.56,0.001675
4.5625,0.001675
4.565,0.001675
4.5675,0.001675
4.57,0.001725
4.5725,0.001725
4.575,0.001725
4.5775,0.001725
4.58,0.001725
4.5825,0.001725
4.585,0.001725
4.5875,0.001725
4.59,0.001725
4.5925,0.001725
4.595,0.001725
4.5975,0.001725
4.6,0.001725
4.6025,0.001725
4.605,0.001725
4.6075,0.001725
4.61,0.001725
4.6125,0.001725
4.615,0.001725
4.6175,0.001725
4.62,0.001725
4.6225,0.001725
4.625,0.001725
4.6275,0.001725
4.63,0.001725
4.6325,0.001725
4.635,0.001725
4.6375,0.001725
4.64,0.001725
4.6425,0.001725
4.645,0.001725
4.6475,0.001725
4.65,0.001725
4.6525,0.001725
4.655,0.001725
4.6575,0.001725
4.66,0.001725
4.6625,0.001725
4.665,0.001725
4.6675,0.001725
4.67,0.001725
4.6725,0.001725
4.675,0.001725
4.6775,0.001725
4.68,0.001725
4.6825,0.001725
4.685,0.001725
4.6875,0.001725
4.69,0.001725
4.6925,0.001725
4.695,0.001725
4.6975,0.001725
4.7,0.001725
4.7025,0.001725
4.705,0.001725
4.7075,0.001725
4.71,0.001725
4.7125,0.001725
4.715,0.001725
4.7175,0.001725
4.72,0.001725
4.7225,0.001725
4.725,0.001725
4.7275,0.001725
4.73,0.001725
4.7325,0.001725
4.735,0.001725
4.7375,0.001725
4.74,0.001725
4.7425,0.001725
4.745,0.001725
4.7475,0.001725
4.75,0.001725
4.7525,0.001725
4.755,0.001725
4.7575,0.001725
4.76,0.001725
4.7625,0.001725
4.765,0.001725
4.7675,0.001725
4.77,0.001725
4.7725,0.001725
4.775,0.001725
4.7775,0.001725
4.78,0.001725
4.7825,0.001725
4.785,0.001725
4.7875,0.001725
4.79,0.001725
4.7925,0.001725
4.795,0.001725
4.7975,0.001725
4.8,0.001725
4.8025,0.001725
4.805,0.001725
4.8075,0.001725
4.81,0.001725
4.8125,0.001725
4.815,0.001725
4.8175,0.001725
4.82,0.001725
4.8225,0.001725
4.825,0.001725
4.8275,0.001725
4.83,0.001725
4.8325,0.001725
4.835,0.001725
4.8375,0.001725
4.84,0.001725
4.8425,0.001725
4.845,0.001725
4.8475,0.001725
4.85,0.001725
4.8525,0.001725
4.855,0.001725
4.8575,0.001725
4.86,0.001725
4.8625,0.001725
4.865,0.001725
4.8675,0.001725
4.87,0.001725
4.8725,0.001725
4.875,0.001725
4.8775,0.001725
4.88,0.001725
4.8825,0.001725
4.885,0.001725
4.8875,0.001725
4.89,0.001725
4.8925,0.001725
4.895,0.001725
4.8975,0.001725
4.9,0.001725
4.9025,0.001725
4.905,0.001725
4.9075,0.001725
4.91,0.001725
4.9125,0.001725
4.915,0.001725
4.9175,0.001725
4.92,0.001725
4.9225,0.001725
4.925,0.001725
4.9275,0.001725
4.93,0.001725
4.9325,0.001725
4.935,0.001725
4.9375,0.001725
4.94,0.001725
4.9425,0.001725
4.945,0.001725
4.9475,0.001725
4.95,0.001725
4.9525,0.001725
4.955,0.001725
4.9575,0.001725
4.96,0.001725
4.9625,0.001725
4.965,0.001725
4.9675,0.001725
4.97,0.001725
4.9725,0.001725
4.975,0.001725
4.9775,0.001725
4.98,0.001725
4.9825,0.001725
4.985,0.001725
4.9875,0.001725
4.99,0.001725
4.9925,0.001725
4.995,0.001725
4.9975,0.001725
5,0.001725
5.0025,0.001725
5.005,0.001725
5.0075,0.001725
5.01,0.001725
5.0125,0.001725
5.015,0.001725
5.0175,0.001725
5.02,0.001725
5.0225,0.001725
5.025,0.001725
5.0275,0.001725
5.03,0.001725
5.0325,0.001725
5.035,0.001725
5.0375,0.001725
5.04,0.001725
5.0425,0.001725
5.045,0.001725
5.0475,0.001725
5.05,0.001725
5.0525,0.001725
5.055,0.001725
5.0575,0.001725
5.06,0.001725
5.0625,0.001725
5.065,0.001725
5.0675,0.001725
5.07,0.001725
5.0725,0.001725
5.075,0.001725
5.0775,0.001725
5.08,0.001725
5.0825,0.001725
5.085,0.001725
5.0875,0.001725
5.09,0.001725
5.0925,0.001725
5.095,0.001725
5.0975,0.001725
5.1,0.001725
5.1025,0.001725
5.105,0.001725
5.1075,0.001725
5.11,0.001725
5.1125,0.001725
5.115,0.001725
5.1175,0.001725
5.12,0.001725
5.1225,0.001725
5.125,0.001725
5.1275,0.001725
5.13,0.001725
5.1325,0.001725
5.135,0.001725
5.1375,0.001725
5.14,0.001725
5.1425,0.001725
5.145,0.001725
5.1475,0.001725
5.15,0.001725
5.1525,0.001725
5.155,0.001725
5.1575,0.001725
5.16,0.001725
5.1625,0.001725
5.165,0.001725
5.1675,0.001725
5.17,0.001725
5.1725,0.001725
5.175,0.001725
5.1775,0.001725
5.18,0.001725
5.1825,0.001725
5.185,0.001725
5.1875,0.001725
5.19,0.001725
5.1925,0.001725
5.195,0.001725
5.1975,0.001725
5.2,0.001725
5.2025,0.001725
5.205,0.001725
5.2075,0.001725
5.21,0.001725
5.2125,0.001725
5.215,0.001725
5.2175,0.001725
5.22,0.001725
5.2225,0.001725
5.225,0.001725
5.2275,0.001725
5.23,0.001725
5.2325,0.001725
5.235,0.001725
5.2375,0.001725
5.24,0.001725
5.2425,0.001725
5.245,0.001725
5.2475,0.001725
5.25,0.001725
5.2525,0.001725
5.255,0.001725
5.2575,0.001725
5.26,0.001725
5.2625,0.001725
5.265,0.001725
5.2675,0.001725
5.27,0.001725
5.2725,0.001725
5.275,0.001725
5.2775,0.001725
5.28,0.001725
5.2825,0.001725
5.285,0.001725
5.2875,0.001725
5.29,0.001725
5.2925,0.001725
5.295,0.001725
5.2975,0.001725
5.3,0.001725
5.3025,0.001725
5.305,0.001725
5.3075,0.001725
5.31,0.001725
5.3125,0.001725
5.315,0.001725
5.3175,0.001725
5.32,0.001725
5.3225,0.001725
5.325,0.001725
5.3275,0.001725
5.33,0.001725
5.3325,0.001725
5.335,0.001725
5.3375,0.001725
5.34,0.001725
5.3425,0.001725
5.345,0.001725
5.3475,0.001725
5.35,0.001725
5.3525,0.001725
5.355,0.001725
5.3575,0.001725
5.36,0.001725
5.3625,0.001725
5.365,0.001725
5.3675,0.001725
5.37,0.001725
5.3725,0.001725
5.375,0.001725
5.3775,0.001725
5.38,0.001725
5.3825,0.001725
5.385,0.001725
5.3875,0.001725
5.39,0.001725
5.3925,0.001725
5.395,0.001725
5.3975,0.001725
5.4,0.001725
5.4025,0.001725
5.405,0.001725
5.4075,0.001725
5.41,0.001725
5.4125,0.001725
5.415,0.001725
5.4175,0.001725
5.42,0.001725
5.4225,0.001725
5.425,0.001725
5.4275,0.001725
5.43,0.001725
5.4325,0.001725
5.435,0.001725
5.4375,0.001725
5.44,0.001725
5.4425,0.001725
5.445,0.001725
5.4475,0.001725
5.45,0.001725
5.4525,0.001725
5.455,0.001725
5.4575,0.001725
5.46,0.001725
5.4625,0.001725
5.465,0.001725
5.4675,0.001725
5.47,0.001725
5.4725,0.001725
5.475,0.001725
5.4775,0.001725
5.48,0.001725
5.4825,0.001725
5.485,0.001725
5.4875,0.001725
5.49,0.001725
5.4925,0.001725
5.495,0.001725
5.4975,0.001725
5.5,0.001725
5.5025,0.001725
5.505,0.001725
5.5075,0.001725
5.51,0.001725
5.5125,0.001725
5.515,0.001725
5.5175,0.001725
5.52,0.001725
5.5225,0.001725
5.525,0.001725
5.5275,0.001725
5.53,0.001725
5.5325,0.001725
5.535,0.001725
5.5375,0.001725
5.54,0.001725
5.5425,0.001725
5.545,0.001725
5.5475,0.001725
5.55,0.001725
5.5525,0.001725
5.555,0.001725
5.5575,0.001725
5.56,0.001725
5.5625,0.001725
5.565,0.001725
5.5675,0.001725
5.57,0.001725
5.5725,0.001725
5.575,0.001725
5.5775,0.001725
5.58,0.001725
5.5825,0.001725
5.585,0.001725
5.5875,0.001725
5.59,0.001725
5.5925,0.001725
5.595,0.001725
5.5975,0.001725
5.6,0.001725
5.6025,0.001725
5.605,0.001725
5.6075,0.001725
5.61,0.001725
5.6125,0.001725
5.615,0.001725
5.6175,0.001725
5.62,0.001725
5.6225,0.001725
5.625,0.001725
5.6275,0.001725
5.63,0.001725
5.6325,0.001725
5.635,0.001725
5.6375,0.001725
5.64,0.001725
5.6425,0.001725
5.645,0.001725
5.6475,0.001725
5.65,0.001725
5.6525,0.001725
5.655,0.001725
5.6575,0.001725
5.66,0.001725
5.6625,0.001725
5.665,0.001725
5.6675,0.001725
5.67,0.001725
5.6725,0.001725
5.675,0.001725
5.6775,0.001725
5.68,0.001725
5.6825,0.001725
5.685,0.001725
5.6875,0.001725
5.69,0.001725
5.6925,0.001725
5.695,0.001725
5.6975,0.001725
5.7,0.001725
5.7025,0.001725
5.705,0.001725
5.7075,0.001725
5.71,0.001725
5.7125,0.001725
5.715,0.001725
5.7175,0.001725
5.72,0.001725
5.7225,0.001725
5.725,0.001725
5.7275,0.001725
5.73,0.001725
5.7325,0.001725
5.735,0.001725
5.7375,0.001725
5.74,0.001725
5.7425,0.001725
5.745,0.001725
5.7475,0.001725
5.75,0.001725
5.7525,0.001725
5.755,0.001725
5.7575,0.001725
5.76,0.001725
5.7625,0.001725
5.765,0.001725
5.7675,0.001725
5.77,0.001725
5.7725,0.001725
5.775,0.001725
5.7775,0.001725
5.78,0.001725
5.7825,0.001725
5.785,0.001725
5.7875,0.001725
5.79,0.001725
5.7925,0.001725
5.795,0.001725
5.7975,0.001725
5.8,0.001725
5.8025,0.001725
5.805,0.001725
5.8075,0.001725
5.81,0.001725
5.8125,0.001725
5.815,0.001725
5.8175,0.001725
5.82,0.001725
5.8225,0.001725
5.825,0.001725
5.8275,0.001725
5.83,0.001725
5.8325,0.001725
5.835,0.001725
5.8375,0.001725
5.84,0.001725
5.8425,0.001725
5.845,0.001725
5.8475,0.001725
5.85,0.001725
5.8525,0.001725
5.855,0.001725
5.8575,0.001725
5.86,0.001725
5.8625,0.001725
5.865,0.001725
5.8675,0.001725
5.87,0.001725
5.8725,0.001725
5.875,0.001725
5.8775,0.001725
5.88,0.001725
5.8825,0.001725
5.885,0.001725
5.8875,0.001725
5.89,0.001725
5.8925,0.001725
5.895,0.001725
5.8975,0.001725
5.9,0.001725
5.9025,0.001725
5.905,0.001725
5.9075,0.001725
5.91,0.001725
5.9125,0.001725
5.915,0.001725
5.9175,0.001725
5.92,0.001725
5.9225,0.001725
5.925,0.001725
5.9275,0.001725
5.93,0.001725
5.9325,0.001725
5.935,0.001725
5.9375,0.001725
5.94,0.001725
5.9425,0.001725
5.945,0.001725
5.9475,0.001725
5.95,0.001725
5.9525,0.001725
5.955,0.001725
5.9575,0.001725
5.96,0.001725
5.9625,0.001725
5.965,0.001725
5.9675,0.001725
5.97,0.001725
5.9725,0.001725
5.975,0.001725
5.9775,0.001725
5.98,0.001725
5.9825,0.001725
5.985,0.001725
5.9875,0.001725
5.99,0.001725
5.9925,0.001725
5.995,0.001725
5.9975,0.001725
6,0.001725
6.0025,0.001725
6.005,0.001725
6.0075,0.001725
6.01,0.001725
6.0125,0.001725
6.015,0.001725
6.0175,0.001725
6.02,0.001725
6.0225,0.001725
6.025,0.001725
6.0275,0.001725
6.03,0.001725
6.0325,0.001725
6.035,0.001725
6.0375,0.001725
6.04,0.001675
6.0425,0.001675
6.045,0.001675
6.0475,0.001675
6.05,0.001675
6.0525,0.001675
6.055,0.001675
6.0575,0.001675
6.06,0.001675
6.0625,0.001675
6.065,0.001675
6.0675,0.001675
6.07,0.001675
6.0725,0.001675
6.075,0.001675
6.0775,0.001675
6.08,0.001675
6.0825,0.001675
6.085,0.001675
6.0875,0.001675
6.09,0.001675
6.0925,0.001675
6.095,0.001675
6.0975,0.001675
6.1,0.001675
6.1025,0.001675
6.105,0.001675
6.1075,0.001675
6.11,0.001675
6.1125,0.001675
6.115,0.001675
6.1175,0.001675
6.12,0.001675
6.1225,0.001675
6.125,0.001675
6.1275,0.001675
6.13,0.001675
6.1325,0.001675
6.135,0.001675
6.1375,0.001675
6.14,0.001675
6.1425,0.001675
6.145,0.001675
6.1475,0.001675
6.15,0.001675
6.1525,0.001675
6.155,0.001675
6.1575,0.001675
6.16,0.001675
6.1625,0.001675
6.165,0.001675
6.1675,0.001675
6.17,0.001675
6.1725,0.001675
6.175,0.001675
6.1775,0.001675
6.18,0.001675
6.1825,0.001675
6.185,0.001675
6.1875,0.001675
6.19,0.001675
6.1925,0.001675
6.195,0.001675
6.1975,0.001675
6.2,0.001675
6.2025,0.001675
6.205,0.001675
6.2075,0.001675
6.21,0.001675
6.2125,0.001675
6.215,0.001675
6.2175,0.001675
6.22,0.001675
6.2225,0.001675
6.225,0.001675
6.2275,0.001675
6.23,0.001675
6.2325,0.001675
6.235,0.001675
6.2375,0.001675
6.24,0.001675
6.2425,0.001675
6.245,0.001675
6.2475,0.001675
6.25,0.001675
6.2525,0.001675
6.255,0.001675
6.2575,0.001675
6.26,0.001675
6.2625,0.001675
6.265,0.001675
6.2675,0.001675
6.27,0.001675
6.2725,0.001675
6.275,0.001675
6.2775,0.001675
6.28,0.001675
6.2825,0.001675
6.285,0.001675
6.2875,0.001675
6.29,0.001675
6.2925,0.001675
6.295,0.001675
6.2975,0.001675
6.3,0.001675
6.3025,0.001625
6.305,0.001625
6.3075,0.001625
6.31,0.001625
6.3125,0.001625
6.315,0.001625
6.3175,0.001625
6.32,0.001625
6.3225,0.001625
6.325,0.001625
6.3275,0.001625
6.33,0.001625
6.3325,0.001625
6.335,0.001625
6.3375,0.001625
6.34,0.001625
6.3425,0.001625
6.345,0.001625
6.3475,0.001625
6.35,0.001625
6.3525,0.001625
6.355,0.001625
6.3575,0.001625
6.36,0.001625
6.3625,0.001625
6.365,0.001625
6.3675,0.001625
6.37,0.001625
6.3725,0.001625
6.375,0.001625
6.3775,0.001625
6.38,0.001625
6.3825,0.001625
6.385,0.001625
6.3875,0.001625
6.39,0.001625
6.3925,0.001625
6.395,0.001625
6.3975,0.001625
6.4,0.001625
6.4025,0.001625
6.405,0.001625
6.4075,0.001625
6.41,0.001625
6.4125,0.001625
6.415,0.001625
6.4175,0.001625
6.42,0.001625
6.4225,0.001625
6.425,0.001625
6.4275,0.001625
6.43,0.001625
6.4325,0.001625
6.435,0.001625
6.4375,0.001625
6.44,0.001625
6.4425,0.001625
6.445,0.001625
6.4475,0.001625
6.45,0.001625
6.4525,0.001625
6.455,0.001625
6.4575,0.001625
6.46,0.001625
6.4625,0.001625
6.465,0.001625
6.4675,0.001625
6.47,0.001625
6.4725,0.001625
6.475,0.001625
6.4775,0.001625
6.48,0.001625
6.4825,0.001625
6.485,0.001625
6.4875,0.001625
6.49,0.001625
6.4925,0.001625
6.495,0.001625
6.4975,0.001625
6.5,0.001625
6.5025,0.001625
6.505,0.001625
6.5075,0.001625
6.51,0.001625
6.5125,0.001625
6.515,0.001625
6.5175,0.001625
6.52,0.001625
6.5225,0.001625
6.525,0.001625
6.5275,0.001625
6.53,0.001625
6.5325,0.001625
6.535,0.001625
6.5375,0.001625
6.54,0.001625
6.5425,0.001575
6.545,0.001575
6.5475,0.001575
6.55,0.001575
6.5525,0.001575
6.555,0.001575
6.5575,0.001575
6.56,0.001575
6.5625,0.001575
6.565,0.001575
6.5675,0.001575
6.57,0.001575
6.5725,0.001575
6.575,0.001575
6.5775,0.001575
6.58,0.001575
6.5825,0.001575
6.585,0.001575
6.5875,0.001575
6.59,0.001575
6.5925,0.001575
6.595,0.001575
6.5975,0.001575
6.6,0.001575
6.6025,0.001575
6.605,0.001575
6.6075,0.001575
6.61,0.001575
6.6125,0.001575
6.615,0.001575
6.6175,0.001575
6.62,0.001575
6.6225,0.001575
6.625,0.001575
6.6275,0.001575
6.63,0.001575
6.6325,0.001575
6.635,0.001575
6.6375,0.001575
6.64,0.001575
6.6425,0.001575
6.645,0.001575
6.6475,0.001575
6.65,0.001575
6.6525,0.001575
6.655,0.001575
6.6575,0.001575
6.66,0.001575
6.6625,0.001575
6.665,0.001575
6.6675,0.001575
6.67,0.001575
6.6725,0.001575
6.675,0.001575
6.6775,0.001575
6.68,0.001575
6.6825,0.001575
6.685,0.001575
6.6875,0.001575
6.69,0.001575
6.6925,0.001575
6.695,0.001575
6.6975,0.001575
6.7,0.001575
6.7025,0.001575
6.705,0.001575
6.7075,0.001575
6.71,0.001575
6.7125,0.001575
6.715,0.001575
6.7175,0.001575
6.72,0.001575
6.7225,0.001575
6.725,0.001575
6.7275,0.001575
6.73,0.001575
6.7325,0.001575
6.735,0.001575
6.7375,0.001575
6.74,0.001575
6.7425,0.001575
6.745,0.001575
6.7475,0.001575
6.75,0.001575
6.7525,0.001575
6.755,0.001575
6.7575,0.001575
6.76,0.001575
6.7625,0.001575
6.765,0.001575
6.7675,0.001575
6.77,0.001575
6.7725,0.001575
6.775,0.001575
6.7775,0.001575
6.78,0.001575
6.7825,0.001575
6.785,0.001575
6.7875,0.001575
6.79,0.001575
6.7925,0.001575
6.795,0.001575
6.7975,0.001575
6.8,0.001575
6.8025,0.001575
6.805,0.001575
6.8075,0.001575
6.81,0.001575
6.8125,0.001575
6.815,0.001575
6.8175,0.001575
6.82,0.001575
6.8225,0.001575
6.825,0.001575
6.8275,0.001575
6.83,0.001575
6.8325,0.001575
6.835,0.001575
6.8375,0.001575
6.84,0.001575
6.8425,0.001575
6.845,0.001575
6.8475,0.001575
6.85,0.001575
6.8525,0.001575
6.855,0.001575
6.8575,0.001575
6.86,0.001575
6.8625,0.001575
6.865,0.001575
6.8675,0.001575
6.87,0.001575
6.8725,0.001575
6.875,0.001575
6.8775,0.001575
6.88,0.001575
6.8825,0.001575
6.885,0.001575
6.8875,0.001575
6.89,0.001575
6.8925,0.001575
6.895,0.001575
6.8975,0.001575
6.9,0.001575
6.9025,0.001575
6.905,0.001575
6.9075,0.001575
6.91,0.001575
6.9125,0.001575
6.915,0.001575
6.9175,0.001575
6.92,0.001575
6.9225,0.001575
6.925,0.001575
6.9275,0.001575
6.93,0.001575
6.9325,0.001575
6.935,0.001575
6.9375,0.001575
6.94,0.001575
6.9425,0.001575
6.945,0.001575
6.9475,0.001575
6.95,0.001575
6.9525,0.001575
6.955,0.001575
6.9575,0.001575
6.96,0.001575
6.9625,0.001575
6.965,0.001575
6.9675,0.001575
6.97,0.001575
6.9725,0.001575
6.975,0.001575
6.9775,0.001575
6.98,0.001575
6.9825,0.001575
6.985,0.001575
6.9875,0.001575
6.99,0.001525
6.9925,0.001525
6.995,0.001525
6.9975,0.001525
7,0.001525
7.0025,0.001525
7.005,0.001525
7.0075,0.001525
7.01,0.001525
7.0125,0.001525
7.015,0.001525
7.0175,0.001525
7.02,0.001525
7.0225,0.001525
7.025,0.001525
7.0275,0.001525
7.03,0.001525
7.0325,0.001525
7.035,0.001525
7.0375,0.001525
7.04,0.001525
7.0425,0.001525
7.045,0.001525
7.0475,0.001525
7.05,0.001525
7.0525,0.001525
7.055,0.001525
7.0575,0.001525
7.06,0.001525
7.0625,0.001525
7.065,0.001525
7.0675,0.001525
7.07,0.001525
7.0725,0.001525
7.075,0.001525
7.0775,0.001525
7.08,0.001525
7.0825,0.001525
7.085,0.001525
7.0875,0.001525
7.09,0.001525
7.0925,0.001525
7.095,0.001525
7.0975,0.001525
7.1,0.001525
7.1025,0.001525
7.105,0.001525
7.1075,0.001525
7.11,0.001525
7.1125,0.001525
7.115,0.001525
7.1175,0.001525
7.12,0.001525
7.1225,0.001525
7.125,0.001525
7.1275,0.001525
7.13,0.001525
7.1325,0.001525
7.135,0.001525
7.1375,0.001525
7.14,0.001525
7.1425,0.001525
7.145,0.001525
7.1475,0.001525
7.15,0.001525
7.1525,0.001525
7.155,0.001525
7.1575,0.001525
7.16,0.001525
7.1625,0.001525
7.165,0.001525
7.1675,0.001525
7.17,0.001525
7.1725,0.001525
7.175,0.001525
7.1775,0.001525
7.18,0.001525
7.1825,0.001525
7.185,0.001525
7.1875,0.001525
7.19,0.001525
7.1925,0.001525
7.195,0.001525
7.1975,0.001525
7.2,0.001525
7.2025,0.001525
7.205,0.001525
7.2075,0.001525
7.21,0.001525
7.2125,0.001525
7.215,0.001525
7.2175,0.001525
7.22,0.001525
7.2225,0.001525
7.225,0.001525
7.2275,0.001525
7.23,0.001525
7.2325,0.001525
7.235,0.001525
7.2375,0.001525
7.24,0.001525
7.2425,0.001525
7.245,0.001525
7.2475,0.001525
7.25,0.001525
7.2525,0.001525
7.255,0.001525
7.2575,0.001525
7.26,0.001525
7.2625,0.001525
7.265,0.001525
7.2675,0.001525
7.27,0.001525
7.2725,0.001525
7.275,0.001525
7.2775,0.001525
7.28,0.001525
7.2825,0.001525
7.285,0.001525
7.2875,0.001525
7.29,0.001525
7.2925,0.001525
7.295,0.001525
7.2975,0.001525
7.3,0.001525
7.3025,0.001525
7.305,0.001525
7.3075,0.001525
7.31,0.001525
7.3125,0.001525
7.315,0.001525
7.3175,0.001525
7.32,0.001525
7.3225,0.001525
7.325,0.001525
7.3275,0.001525
7.33,0.001525
7.3325,0.001525
7.335,0.001525
7.3375,0.001525
7.34,0.001525
7.3425,0.001525
7.345,0.001525
7.3475,0.001525
7.35,0.001525
7.3525,0.001525
7.355,0.001525
7.3575,0.001525
7.36,0.001525
7.3625,0.001525
7.365,0.001525
7.3675,0.001525
7.37,0.001525
7.3725,0.001525
7.375,0.001525
7.3775,0.001525
7.38,0.001525
7.3825,0.001525
7.385,0.001525
7.3875,0.001525
7.39,0.001525
7.3925,0.001525
7.395,0.001525
7.3975,0.001525
7.4,0.001525
7.4025,0.001525
7.405,0.001525
7.4075,0.001525
7.41,0.001525
7.4125,0.001525
7.415,0.001525
7.4175,0.001525
7.42,0.001525
7.4225,0.001525
7.425,0.001525
7.4275,0.001525
7.43,0.001525
7.4325,0.001525
7.435,0.001525
7.4375,0.001525
7.44,0.001525
7.4425,0.001525
7.445,0.001525
7.4475,0.001525
7.45,0.001525
7.4525,0.001525
7.455,0.001525
7.4575,0.001525
7.46,0.001525
7.4625,0.001525
7.465,0.001525
7.4675,0.001525
7.47,0.001525
7.4725,0.001525
7.475,0.001525
7.4775,0.001525
7.48,0.001525
7.4825,0.001525
7.485,0.001525
7.4875,0.001525
7.49,0.001525
7.4925,0.001525
7.495,0.001525
7.4975,0.001525
7.5,0.001525
7.5025,0.001525
7.505,0.001525
7.5075,0.001525
7.51,0.001525
7.5125,0.001525
7.515,0.001525
7.5175,0.001525
7.52,0.001525
7.5225,0.001525
7.525,0.001525
7.5275,0.001525
7.53,0.001525
7.5325,0.001525
7.535,0.001525
7.5375,0.001525
7.54,0.001525
7.5425,0.001525
7.545,0.001525
7.5475,0.001525
7.55,0.001525
7.5525,0.001525
7.555,0.001525
7.5575,0.001525
7.56,0.001525
7.5625,0.001525
7.565,0.001525
7.5675,0.001525
7.57,0.001525
7.5725,0.001525
7.575,0.001525
7.5775,0.001525
7.58,0.001525
7.5825,0.001525
7.585,0.001525
7.5875,0.001525
7.59,0.001525
7.5925,0.001525
7.595,0.001525
7.5975,0.001525
7.6,0.001525
7.6025,0.001525
7.605,0.001525
7.6075,0.001525
7.61,0.001525
7.6125,0.001525
7.615,0.001525
7.6175,0.001525
7.62,0.001525
7.6225,0.001525
7.625,0.001525
7.6275,0.001525
7.63,0.001525
7.6325,0.001525
7.635,0.001525
7.6375,0.001525
7.64,0.001525
7.6425,0.001525
7.645,0.001525
7.6475,0.001525
7.65,0.001525
7.6525,0.001525
7.655,0.001525
7.6575,0.001525
7.66,0.001525
7.6625,0.001525
7.665,0.001525
7.6675,0.001525
7.67,0.001525
7.6725,0.001525
7.675,0.001525
7.6775,0.001525
7.68,0.001525
7.6825,0.001525
7.685,0.001525
7.6875,0.001525
7.69,0.001525
7.6925,0.001525
7.695,0.001525
7.6975,0.001525
7.7,0.001525
7.7025,0.001525
7.705,0.001525
7.7075,0.001525
7.71,0.001525
7.7125,0.001525
7.715,0.001525
7.7175,0.001525
7.72,0.001475
7.7225,0.001475
7.725,0.001475
7.7275,0.001475
7.73,0.001475
7.7325,0.001475
7.735,0.001475
7.7375,0.001475
7.74,0.001475
7.7425,0.001475
7.745,0.001475
7.7475,0.001475
7.75,0.001475
7.7525,0.001475
7.755,0.001475
7.7575,0.001475
7.76,0.001475
7.7625,0.001475
7.765,0.001475
7.7675,0.001475
7.77,0.001475
7.7725,0.001475
7.775,0.001475
7.7775,0.001475
7.78,0.001475
7.7825,0.001475
7.785,0.001475
7.7875,0.001475
7.79,0.001475
7.7925,0.001475
7.795,0.001475
7.7975,0.001475
7.8,0.001475
7.8025,0.001475
7.805,0.001475
7.8075,0.001475
7.81,0.001475
7.8125,0.001475
7.815,0.001475
7.8175,0.001475
7.82,0.001475
7.8225,0.001475
7.825,0.001475
7.8275,0.001475
7.83,0.001475
7.8325,0.001475
7.835,0.001475
7.8375,0.001475
7.84,0.001475
7.8425,0.001475
7.845,0.001475
7.8475,0.001475
7.85,0.001475
7.8525,0.001475
7.855,0.001475
7.8575,0.001475
7.86,0.001475
7.8625,0.001475
7.865,0.001475
7.8675,0.001475
7.87,0.001475
7.8725,0.001475
7.875,0.001475
7.8775,0.001475
7.88,0.001475
7.8825,0.001475
7.885,0.001475
7.8875,0.001475
7.89,0.001475
7.8925,0.001475
7.895,0.001525
7.8975,0.001525
7.9,0.001525
7.9025,0.001525
7.905,0.001525
7.9075,0.001525
7.91,0.001525
7.9125,0.001525
7.915,0.001525
7.9175,0.001525
7.92,0.001525
7.9225,0.001525
7.925,0.001525
7.9275,0.001525
7.93,0.001525
7.9325,0.001525
7.935,0.001525
7.9375,0.001525
7.94,0.001525
7.9425,0.001525
7.945,0.001525
7.9475,0.001525
7.95,0.001525
7.9525,0.001525
7.955,0.001525
7.9575,0.001525
7.96,0.001525
7.9625,0.001525
7.965,0.001525
7.9675,0.001525
7.97,0.001525
7.9725,0.001525
7.975,0.001525
7.9775,0.001525
7.98,0.001525
7.9825,0.001525
7.985,0.001525
7.9875,0.001525
7.99,0.001525
7.9925,0.001525
7.995,0.001525
7.9975,0.001525
8,0.001525
8.0025,0.001525
8.005,0.001525
8.0075,0.001525
8.01,0.001525
8.0125,0.001525
8.015,0.001525
8.0175,0.001525
8.02,0.001525
8.0225,0.001525
8.025,0.001525
8.0275,0.001525
8.03,0.001525
8.0325,0.001525
8.035,0.001525
8.0375,0.001525
8.04,0.001525
8.0425,0.001525
8.045,0.001525
8.0475,0.001525
8.05,0.001525
8.0525,0.001525
8.055,0.001525
8.0575,0.001525
8.06,0.001525
8.0625,0.001525
8.065,0.001525
8.0675,0.001525
8.07,0.001525
8.0725,0.001525
8.075,0.001525
8.0775,0.001525
8.08,0.001525
8.0825,0.001525
8.085,0.001525
8.0875,0.001525
8.09,0.001525
8.0925,0.001525
8.095,0.001525
8.0975,0.001525
8.1,0.001525
8.1025,0.001525
8.105,0.001525
8.1075,0.001525
8.11,0.001525
8.1125,0.001525
8.115,0.001525
8.1175,0.001525
8.12,0.001525
8.1225,0.001525
8.125,0.001525
8.1275,0.001525
8.13,0.001525
8.1325,0.001525
8.135,0.001525
8.1375,0.001525
8.14,0.001525
8.1425,0.001525
8.145,0.001525
8.1475,0.001525
8.15,0.001525
8.1525,0.001525
8.155,0.001525
8.1575,0.001525
8.16,0.001525
8.1625,0.001525
8.165,0.001525
8.1675,0.001525
8.17,0.001525
8.1725,0.001525
8.175,0.001525
8.1775,0.001525
8.18,0.001525
8.1825,0.001525
8.185,0.001525
8.1875,0.001525
8.19,0.001525
8.1925,0.001525
8.195,0.001525
8.1975,0.001525
8.2,0.001525
8.2025,0.001525
8.205,0.001525
8.2075,0.001525
8.21,0.001525
8.2125,0.001525
8.215,0.001525
8.2175,0.001525
8.22,0.001525
8.2225,0.001525
8.225,0.001525
8.2275,0.001525
8.23,0.001525
8.2325,0.001525
8.235,0.001525
8.2375,0.001525
8.24,0.001525
8.2425,0.001525
8.245,0.001525
8.2475,0.001525
8.25,0.001525
8.2525,0.001525
8.255,0.001525
8.2575,0.001525
8.26,0.001525
8.2625,0.001525
8.265,0.001525
8.2675,0.001525
8.27,0.001525
8.2725,0.001525
8.275,0.001525
8.2775,0.001525
8.28,0.001525
8.2825,0.001525
8.285,0.001525
8.2875,0.001525
8.29,0.001525
8.2925,0.001525
8.295,0.001525
8.2975,0.001525
8.3,0.001525
8.3025,0.001525
8.305,0.001525
8.3075,0.001525
8.31,0.001525
8.3125,0.001525
8.315,0.001525
8.3175,0.001525
8.32,0.001525
8.3225,0.001525
8.325,0.001525
8.3275,0.001525
8.33,0.001525
8.3325,0.001525
8.335,0.001525
8.3375,0.001525
8.34,0.001525
8.3425,0.001525
8.345,0.001525
8.3475,0.001525
8.35,0.001525
8.3525,0.001525
8.355,0.001525
8.3575,0.001525
8.36,0.001525
8.3625,0.001525
8.365,0.001525
8.3675,0.001525
8.37,0.001525
8.3725,0.001525
8.375,0.001525
8.3775,0.001525
8.38,0.001525
8.3825,0.001525
8.385,0.001525
8.3875,0.001525
8.39,0.001525
8.3925,0.001525
8.395,0.001525
8.3975,0.001525
8.4,0.001525
8.4025,0.001525
8.405,0.001525
8.4075,0.001525
8.41,0.001525
8.4125,0.001525
8.415,0.001525
8.4175,0.001525
8.42,0.001525
8.4225,0.001525
8.425,0.001525
8.4275,0.001525
8.43,0.001525
8.4325,0.001525
8.435,0.001525
8.4375,0.001525
8.44,0.001525
8.4425,0.001525
8.445,0.001525
8.4475,0.001525
8.45,0.001525
8.4525,0.001525
8.455,0.001525
8.4575,0.001525
8.46,0.001525
8.4625,0.001525
8.465,0.001525
8.4675,0.001525
8.47,0.001525
8.4725,0.001525
8.475,0.001525
8.4775,0.001525
8.48,0.001525
8.4825,0.001525
8.485,0.001525
8.4875,0.001525
8.49,0.001525
8.4925,0.001525
8.495,0.001525
8.4975,0.001525
8.5,0.001525
8.5025,0.001525
8.505,0.001525
8.5075,0.001525
8.51,0.001525
8.5125,0.001525
8.515,0.001525
8.5175,0.001525
8.52,0.001525
8.5225,0.001525
8.525,0.001525
8.5275,0.001525
8.53,0.001525
8.5325,0.001525
8.535,0.001525
8.5375,0.001525
8.54,0.001525
8.5425,0.001525
8.545,0.001525
8.5475,0.001525
8.55,0.001525
8.5525,0.001525
8.555,0.001525
8.5575,0.001525
8.56,0.001525
8.5625,0.001525
8.565,0.001525
8.5675,0.001525
8.57,0.001525
8.5725,0.001525
8.575,0.001525
8.5775,0.001525
8.58,0.001525
8.5825,0.001525
8.585,0.001525
8.5875,0.001525
8.59,0.001525
8.5925,0.001525
8.595,0.001525
8.5975,0.001525
8.6,0.001525
8.6025,0.001525
8.605,0.001525
8.6075,0.001525
8.61,0.001525
8.6125,0.001525
8.615,0.001525
8.6175,0.001525
8.62,0.001525
8.6225,0.001525
8.625,0.001525
8.6275,0.001525
8.63,0.001525
8.6325,0.001525
8.635,0.001525
8.6375,0.001525
8.64,0.001525
8.6425,0.001525
8.645,0.001525
8.6475,0.001525
8.65,0.001525
8.6525,0.001525
8.655,0.001525
8.6575,0.001525
8.66,0.001525
8.6625,0.001525
8.665,0.001525
8.6675,0.001525
8.67,0.001525
8.6725,0.001525
8.675,0.001525
8.6775,0.001525
8.68,0.001525
8.6825,0.001525
8.685,0.001525
8.6875,0.001525
8.69,0.001525
8.6925,0.001525
8.695,0.001575
8.6975,0.001575
8.7,0.001575
8.7025,0.001575
8.705,0.001575
8.7075,0.001575
8.71,0.001575
8.7125,0.001575
8.715,0.001575
8.7175,0.001575
8.72,0.001575
8.7225,0.001575
8.725,0.001575
8.7275,0.001575
8.73,0.001575
8.7325,0.001575
8.735,0.001575
8.7375,0.001575
8.74,0.001575
8.7425,0.001575
8.745,0.001575
8.7475,0.001575
8.75,0.001575
8.7525,0.001575
8.755,0.001575
8.7575,0.001575
8.76,0.001575
8.7625,0.001575
8.765,0.001575
8.7675,0.001575
8.77,0.001575
8.7725,0.001575
8.775,0.001575
8.7775,0.001575
8.78,0.001575
8.7825,0.001575
8.785,0.001575
8.7875,0.001575
8.79,0.001575
8.7925,0.001575
8.795,0.001575
8.7975,0.001575
8.8,0.001575
8.8025,0.001575
8.805,0.001575
8.8075,0.001575
8.81,0.001575
8.8125,0.001575
8.815,0.001575
8.8175,0.001575
8.82,0.001575
8.8225,0.001575
8.825,0.001575
8.8275,0.001575
8.83,0.001575
8.8325,0.001575
8.835,0.001575
8.8375,0.001575
8.84,0.001575
8.8425,0.001575
8.845,0.001575
8.8475,0.001575
8.85,0.001575
8.8525,0.001575
8.855,0.001575
8.8575,0.001575
8.86,0.001575
8.8625,0.001575
8.865,0.001575
8.8675,0.001575
8.87,0.001575
8.8725,0.001575
8.875,0.001575
8.8775,0.001575
8.88,0.001575
8.8825,0.001575
8.885,0.001575
8.8875,0.001575
8.89,0.001575
8.8925,0.001575
8.895,0.001575
8.8975,0.001575
8.9,0.001575
8.9025,0.001575
8.905,0.001575
8.9075,0.001575
8.91,0.001575
8.9125,0.001575
8.915,0.001575
8.9175,0.001575
8.92,0.001575
8.9225,0.001575
8.925,0.001575
8.9275,0.001575
8.93,0.001575
8.9325,0.001575
8.935,0.001575
8.9375,0.001575
8.94,0.001575
8.9425,0.001575
8.945,0.001575
8.9475,0.001575
8.95,0.001575
8.9525,0.001575
8.955,0.001575
8.9575,0.001575
8.96,0.001575
8.9625,0.001575
8.965,0.001575
8.9675,0.001575
8.97,0.001575
8.9725,0.001575
8.975,0.001575
8.9775,0.001575
8.98,0.001575
8.9825,0.001575
8.985,0.001575
8.9875,0.001575
8.99,0.001575
8.9925,0.001575
8.995,0.001575
8.9975,0.001575
9,0.001575
9.0025,0.001575
9.005,0.001575
9.0075,0.001575
9.01,0.001575
9.0125,0.001575
9.015,0.001575
9.0175,0.001575
9.02,0.001575
9.0225,0.001575
9.025,0.001575
9.0275,0.001575
9.03,0.001575
9.0325,0.001575
9.035,0.001575
9.0375,0.001575
9.04,0.001575
9.0425,0.001575
9.045,0.001575
9.0475,0.001575
9.05,0.001575
9.0525,0.001575
9.055,0.001575
9.0575,0.001575
9.06,0.001575
9.0625,0.001575
9.065,0.001575
9.0675,0.001575
9.07,0.001575
9.0725,0.001575
9.075,0.001575
9.0775,0.001575
9.08,0.001575
9.0825,0.001575
9.085,0.001575
9.0875,0.001575
9.09,0.001575
9.0925,0.001575
9.095,0.001575
9.0975,0.001575
9.1,0.001575
9.1025,0.001575
9.105,0.001575
9.1075,0.001575
9.11,0.001575
9.1125,0.001575
9.115,0.001575
9.1175,0.001575
9.12,0.001575
9.1225,0.001575
9.125,0.001575
9.1275,0.001575
9.13,0.001575
9.1325,0.001575
9.135,0.001575
9.1375,0.001575
9.14,0.001575
9.1425,0.001575
9.145,0.001575
9.1475,0.001575
9.15,0.001575
9.1525,0.001575
9.155,0.001575
9.1575,0.001575
9.16,0.001575
9.1625,0.001575
9.165,0.001575
9.1675,0.001575
9.17,0.001575
9.1725,0.001575
9.175,0.001575
9.1775,0.001575
9.18,0.001575
9.1825,0.001575
9.185,0.001575
9.1875,0.001575
9.19,0.001575
9.1925,0.001575
9.195,0.001575
9.1975,0.001575
9.2,0.001575
9.2025,0.001575
9.205,0.001575
9.2075,0.001575
9.21,0.001575
9.2125,0.001575
9.215,0.001575
9.2175,0.001575
9.22,0.001575
9.2225,0.001575
9.225,0.001575
9.2275,0.001575
9.23,0.001575
9.2325,0.001575
9.235,0.001575
9.2375,0.001575
9.24,0.001575
9.2425,0.001575
9.245,0.001575
9.2475,0.001575
9.25,0.001575
9.2525,0.001575
9.255,0.001575
9.2575,0.001575
9.26,0.001575
9.2625,0.001575
9.265,0.001575
9.2675,0.001575
9.27,0.001575
9.2725,0.001575
9.275,0.001575
9.2775,0.001575
9.28,0.001575
9.2825,0.001575
9.285,0.001575
9.2875,0.001575
9.29,0.001575
9.2925,0.001575
9.295,0.001575
9.2975,0.001575
9.3,0.001575
9.3025,0.001575
9.305,0.001575
9.3075,0.001575
9.31,0.001575
9.3125,0.001575
9.315,0.001575
9.3175,0.001575
9.32,0.001625
9.3225,0.001625
9.325,0.001625
9.3275,0.001625
9.33,0.001625
9.3325,0.001625
9.335,0.001625
9.3375,0.001625
9.34,0.001625
9.3425,0.001625
9.345,0.001625
9.3475,0.001625
9.35,0.001625
9.3525,0.001625
9.355,0.001625
9.3575,0.001625
9.36,0.001625
9.3625,0.001625
9.365,0.001625
9.3675,0.001625
9.37,0.001625
9.3725,0.001625
9.375,0.001625
9.3775,0.001625
9.38,0.001625
9.3825,0.001625
9.385,0.001625
9.3875,0.001625
9.39,0.001625
9.3925,0.001625
9.395,0.001625
9.3975,0.001625
9.4,0.001625
9.4025,0.001625
9.405,0.001625
9.4075,0.001625
9.41,0.001625
9.4125,0.001625
9.415,0.001625
9.4175,0.001625
9.42,0.001625
9.4225,0.001625
9.425,0.001625
9.4275,0.001625
9.43,0.001625
9.4325,0.001625
9.435,0.001625
9.4375,0.001625
9.44,0.001625
9.4425,0.001625
9.445,0.001625
9.4475,0.001625
9.45,0.001625
9.4525,0.001625
9.455,0.001625
9.4575,0.001625
9.46,0.001625
9.4625,0.001625
9.465,0.001625
9.4675,0.001625
9.47,0.001625
9.4725,0.001625
9.475,0.001625
9.4775,0.001625
9.48,0.001625
9.4825,0.001625
9.485,0.001625
9.4875,0.001625
9.49,0.001625
9.4925,0.001625
9.495,0.001625
9.4975,0.001625
9.5,0.001625
9.5025,0.001625
9.505,0.001625
9.5075,0.001625
9.51,0.001625
9.5125,0.001625
9.515,0.001625
9.5175,0.001625
9.52,0.001625
9.5225,0.001625
9.525,0.001625
9.5275,0.001625
9.53,0.001625
9.5325,0.001625
9.535,0.001625
9.5375,0.001625
9.54,0.001625
9.5425,0.001625
9.545,0.001625
9.5475,0.001625
9.55,0.001625
9.5525,0.001625
9.555,0.001625
9.5575,0.001625
9.56,0.001625
9.5625,0.001625
9.565,0.001625
9.5675,0.001625
9.57,0.001625
9.5725,0.001625
9.575,0.001625
9.5775,0.001625
9.58,0.001625
9.5825,0.001625
9.585,0.001625
9.5875,0.001625
9.59,0.001625
9.5925,0.001625
9.595,0.001625
9.5975,0.001625
9.6,0.001625
9.6025,0.001625
9.605,0.001625
9.6075,0.001625
9.61,0.001625
9.6125,0.001625
9.615,0.001625
9.6175,0.001625
9.62,0.001625
9.6225,0.001625
9.625,0.001625
9.6275,0.001625
9.63,0.001625
9.6325,0.001625
9.635,0.001625
9.6375,0.001625
9.64,0.001625
9.6425,0.001625
9.645,0.001625
9.6475,0.001625
9.65,0.001625
9.6525,0.001625
9.655,0.001625
9.6575,0.001625
9.66,0.001625
9.6625,0.001625
9.665,0.001625
9.6675,0.001625
9.67,0.001625
9.6725,0.001625
9.675,0.001625
9.6775,0.001625
9.68,0.001625
9.6825,0.001625
9.685,0.001625
9.6875,0.001625
9.69,0.001625
9.6925,0.001625
9.695,0.001625
9.6975,0.001625
9.7,0.001625
9.7025,0.001625
9.705,0.001625
9.7075,0.001625
9.71,0.001625
9.7125,0.001625
9.715,0.001625
9.7175,0.001625
9.72,0.001625
9.7225,0.001625
9.725,0.001625
9.7275,0.001625
9.73,0.001625
9.7325,0.001625
9.735,0.001625
9.7375,0.001625
9.74,0.001625
9.7425,0.001625
9.745,0.001625
9.7475,0.001625
9.75,0.001625
9.7525,0.001625
9.755,0.001625
9.7575,0.001625
9.76,0.001625
9.7625,0.001625
9.765,0.001625
9.7675,0.001625
9.77,0.001625
9.7725,0.001625
9.775,0.001625
9.7775,0.001625
9.78,0.001625
9.7825,0.001625
9.785,0.001625
9.7875,0.001625
9.79,0.001625
9.7925,0.001625
9.795,0.001625
9.7975,0.001625
9.8,0.001625
9.8025,0.001625
9.805,0.001625
9.8075,0.001625
9.81,0.001625
9.8125,0.001625
9.815,0.001625
9.8175,0.001625
9.82,0.001625
9.8225,0.001625
9.825,0.001625
9.8275,0.001625
9.83,0.001625
9.8325,0.001625
9.835,0.001625
9.8375,0.001625
9.84,0.001625
9.8425,0.001625
9.845,0.001625
9.8475,0.001625
9.85,0.001625
9.8525,0.001625
9.855,0.001625
9.8575,0.001625
9.86,0.001625
9.8625,0.001625
9.865,0.001625
9.8675,0.001625
9.87,0.001625
9.8725,0.001625
9.875,0.001625
9.8775,0.001625
9.88,0.001625
9.8825,0.001625
9.885,0.001625
9.8875,0.001625
9.89,0.001625
9.8925,0.001625
9.895,0.001625
9.8975,0.001625
9.9,0.001625
9.9025,0.001625
9.905,0.001625
9.9075,0.001625
9.91,0.001625
9.9125,0.001625
9.915,0.001625
9.9175,0.001625
9.92,0.001625
9.9225,0.001625
9.925,0.001625
9.9275,0.001625
9.93,0.001625
9.9325,0.001625
9.935,0.001625
9.9375,0.001625
9.94,0.001625
9.9425,0.001675
9.945,0.001675
9.9475,0.001675
9.95,0.001675
9.9525,0.001675
9.955,0.001675
9.9575,0.001675
9.96,0.001675
9.9625,0.001675
9.965,0.001675
9.9675,0.001675
9.97,0.001675
9.9725,0.001675
9.975,0.001675
9.9775,0.001675
9.98,0.001675
9.9825,0.001675
9.985,0.001675
9.9875,0.001675
9.99,0.001675
9.9925,0.001675
9.995,0.001675
9.9975,0.001675
10,0.001675
10.0025,0.001675
10.005,0.001675
10.0075,0.001675
10.01,0.001675
10.0125,0.001675
10.015,0.001675
10.0175,0.001675
10.02,0.001675
10.0225,0.001675
10.025,0.001675
10.0275,0.001675
10.03,0.001675
10.0325,0.001675
10.035,0.001675
10.0375,0.001675
10.04,0.001675
10.0425,0.001675
10.045,0.001675
10.0475,0.001675
10.05,0.001675
10.0525,0.001675
10.055,0.001675
10.0575,0.001675
10.06,0.001675
10.0625,0.001675
10.065,0.001675
10.0675,0.001675
10.07,0.001675
10.0725,0.001675
10.075,0.001675
10.0775,0.001675
10.08,0.001675
10.0825,0.001675
10.085,0.001675
10.0875,0.001675
10.09,0.001675
10.0925,0.001675
10.095,0.001675
10.0975,0.001675
10.1,0.001675
10.1025,0.001675
10.105,0.001675
10.1075,0.001675
10.11,0.001675
10.1125,0.001675
10.115,0.001675
10.1175,0.001675
10.12,0.001675
10.1225,0.001675
10.125,0.001675
10.1275,0.001675
10.13,0.001675
10.1325,0.001675
10.135,0.001675
10.1375,0.001675
10.14,0.001675
10.1425,0.001675
10.145,0.001675
10.1475,0.001675
10.15,0.001675
10.1525,0.001675
10.155,0.001675
10.1575,0.001675
10.16,0.001675
10.1625,0.001675
10.165,0.001675
10.1675,0.001675
10.17,0.001675
10.1725,0.001675
10.175,0.001675
10.1775,0.001675
10.18,0.001675
10.1825,0.001675
10.185,0.001675
10.1875,0.001675
10.19,0.001675
10.1925,0.001675
10.195,0.001675
10.1975,0.001675
10.2,0.001675
10.2025,0.001675
10.205,0.001675
10.2075,0.001675
10.21,0.001675
10.2125,0.001675
10.215,0.001675
10.2175,0.001675
10.22,0.001675
10.2225,0.001675
10.225,0.001675
10.2275,0.001675
10.23,0.001675
10.2325,0.001675
10.235,0.001675
10.2375,0.001675
10.24,0.001675
10.2425,0.001675
10.245,0.001675
10.2475,0.001675
10.25,0.001675
10.2525,0.001675
10.255,0.001675
10.2575,0.001675
10.26,0.001675
10.2625,0.001675
10.265,0.001675
10.2675,0.001675
10.27,0.001675
10.2725,0.001675
10.275,0.001675
10.2775,0.001675
10.28,0.001675
10.2825,0.001675
10.285,0.001675
10.2875,0.001675
10.29,0.001675
10.2925,0.001675
10.295,0.001675
10.2975,0.001675
10.3,0.001675
10.3025,0.001675
10.305,0.001675
10.3075,0.001675
10.31,0.001675
10.3125,0.001675
10.315,0.001675
10.3175,0.001675
10.32,0.001675
10.3225,0.001675
10.325,0.001675
10.3275,0.001675
10.33,0.001675
10.3325,0.001675
10.335,0.001675
10.3375,0.001675
10.34,0.001675
10.3425,0.001675
10.345,0.001675
10.3475,0.001675
10.35,0.001675
10.3525,0.001675
10.355,0.001675
10.3575,0.001675
10.36,0.001675
10.3625,0.001675
10.365,0.001675
10.3675,0.001675
10.37,0.001675
10.3725,0.001675
10.375,0.001675
10.3775,0.001675
10.38,0.001675
10.3825,0.001675
10.385,0.001675
10.3875,0.001675
10.39,0.001675
10.3925,0.001675
10.395,0.001675
10.3975,0.001675
10.4,0.001675
10.4025,0.001675
10.405,0.001675
10.4075,0.001675
10.41,0.001675
10.4125,0.001675
10.415,0.001675
10.4175,0.001675
10.42,0.001675
10.4225,0.001675
10.425,0.001675
10.4275,0.001675
10.43,0.001675
10.4325,0.001675
10.435,0.001675
10.4375,0.001675
10.44,0.001675
10.4425,0.001675
10.445,0.001675
10.4475,0.001675
10.45,0.001675
10.4525,0.001675
10.455,0.001675
10.4575,0.001675
10.46,0.001675
10.4625,0.001675
10.465,0.001675
10.4675,0.001675
10.47,0.001675
10.4725,0.001675
10.475,0.001675
10.4775,0.001675
10.48,0.001675
10.4825,0.001675
10.485,0.001675
10.4875,0.001675
10.49,0.001675
10.4925,0.001675
10.495,0.001675
10.4975,0.001675
10.5,0.001675
10.5025,0.001675
10.505,0.001675
10.5075,0.001675
10.51,0.001675
10.5125,0.001675
10.515,0.001675
10.5175,0.001675
10.52,0.001675
10.5225,0.001675
10.525,0.001675
10.5275,0.001675
10.53,0.001675
10.5325,0.001675
10.535,0.001675
10.5375,0.001675
10.54,0.001675
10.5425,0.001675
10.545,0.001675
10.5475,0.001675
10.55,0.001675
10.5525,0.001675
10.555,0.001675
10.5575,0.001675
10.56,0.001675
10.5625,0.001675
10.565,0.001675
10.5675,0.001675
10.57,0.001675
10.5725,0.001675
10.575,0.001675
10.5775,0.001675
10.58,0.001675
10.5825,0.001675
10.585,0.001675
10.5875,0.001675
10.59,0.001675
10.5925,0.001675
10.595,0.001675
10.5975,0.001675
10.6,0.001675
10.6025,0.001675
10.605,0.001675
10.6075,0.001675
10.61,0.001675
10.6125,0.001675
10.615,0.001675
10.6175,0.001675
10.62,0.001675
10.6225,0.001675
10.625,0.001675
10.6275,0.001675
10.63,0.001675
10.6325,0.001675
10.635,0.001675
10.6375,0.001675
10.64,0.001675
10.6425,0.001675
10.645,0.001675
10.6475,0.001675
10.65,0.001675
10.6525,0.001675
10.655,0.001675
10.6575,0.001675
10.66,0.001675
10.6625,0.001675
10.665,0.001725
10.6675,0.001725
10.67,0.001725
10.6725,0.001725
10.675,0.001725
10.6775,0.001725
10.68,0.001725
10.6825,0.001725
10.685,0.001725
10.6875,0.001725
10.69,0.001725
10.6925,0.001725
10.695,0.001725
10.6975,0.001725
10.7,0.001725
10.7025,0.001725
10.705,0.001725
10.7075,0.001725
10.71,0.001725
10.7125,0.001725
10.715,0.001725
10.7175,0.001725
10.72,0.001725
10.7225,0.001725
10.725,0.001725
10.7275,0.001725
10.73,0.001725
10.7325,0.001725
10.735,0.001725
10.7375,0.001725
10.74,0.001725
10.7425,0.001725
10.745,0.001725
10.7475,0.001725
10.75,0.001725
10.7525,0.001725
10.755,0.001725
10.7575,0.001725
10.76,0.001725
10.7625,0.001725
10.765,0.001725
10.7675,0.001725
10.77,0.001725
10.7725,0.001725
10.775,0.001725
10.7775,0.001725
10.78,0.001725
10.7825,0.001725
10.785,0.001725
10.7875,0.001725
10.79,0.001725
10.7925,0.001725
10.795,0.001725
10.7975,0.001725
10.8,0.001725
10.8025,0.001725
10.805,0.001725
10.8075,0.001725
10.81,0.001725
10.8125,0.001725
10.815,0.001725
10.8175,0.001725
10.82,0.001725
10.8225,0.001725
10.825,0.001725
10.8275,0.001725
10.83,0.001725
10.8325,0.001725
10.835,0.001725
10.8375,0.001725
10.84,0.001725
10.8425,0.001725
10.845,0.001725
10.8475,0.001725
10.85,0.001725
10.8525,0.001725
10.855,0.001725
10.8575,0.001725
10.86,0.001725
10.8625,0.001725
10.865,0.001725
10.8675,0.001725
10.87,0.001725
10.8725,0.001725
10.875,0.001725
10.8775,0.001725
10.88,0.001725
10.8825,0.001725
10.885,0.001725
10.8875,0.001725
10.89,0.001725
10.8925,0.001725
10.895,0.001725
10.8975,0.001725
10.9,0.001725
10.9025,0.001725
10.905,0.001725
10.9075,0.001725
10.91,0.001725
10.9125,0.001725
10.915,0.001725
10.9175,0.001725
10.92,0.001725
10.9225,0.001725
10.925,0.001725
10.9275,0.001725
10.93,0.001725
10.9325,0.001725
10.935,0.001725
10.9375,0.001725
10.94,0.001725
10.9425,0.001725
10.945,0.001725
10.9475,0.001725
10.95,0.001725
10.9525,0.001725
10.955,0.001725
10.9575,0.001725
10.96,0.001725
10.9625,0.001725
10.965,0.001725
10.9675,0.001725
10.97,0.001725
10.9725,0.001725
10.975,0.001725
10.9775,0.001725
10.98,0.001725
10.9825,0.001725
10.985,0.001725
10.9875,0.001725
10.99,0.001725
10.9925,0.001725
10.995,0.001725
10.9975,0.001725
11,0.001725
11.0025,0.001725
11.005,0.001725
11.0075,0.001725
11.01,0.001725
11.0125,0.001725
11.015,0.001725
11.0175,0.001725
11.02,0.001725
11.0225,0.001725
11.025,0.001725
11.0275,0.001725
11.03,0.001725
11.0325,0.001725
11.035,0.001725
11.0375,0.001725
11.04,0.001725
11.0425,0.001725
11.045,0.001725
11.0475,0.001725
11.05,0.001725
11.0525,0.001725
11.055,0.001725
11.0575,0.001725
11.06,0.001725
11.0625,0.001725
11.065,0.001725
11.0675,0.001725
11.07,0.001725
11.0725,0.001725
11.075,0.001725
11.0775,0.001725
11.08,0.001725
11.0825,0.001725
11.085,0.001725
11.0875,0.001725
11.09,0.001725
11.0925,0.001725
11.095,0.001725
11.0975,0.001725
11.1,0.001725
11.1025,0.001725
11.105,0.001725
11.1075,0.001725
11.11,0.001725
11.1125,0.001725
11.115,0.001725
11.1175,0.001725
11.12,0.001725
11.1225,0.001725
11.125,0.001725
11.1275,0.001725
11.13,0.001725
11.1325,0.001725
11.135,0.001725
11.1375,0.001725
11.14,0.001725
11.1425,0.001725
11.145,0.001725
11.1475,0.001725
11.15,0.001725
11.1525,0.001725
11.155,0.001725
11.1575,0.001725
11.16,0.001725
11.1625,0.001725
11.165,0.001725
11.1675,0.001725
11.17,0.001725
11.1725,0.001725
11.175,0.001725
11.1775,0.001725
11.18,0.001725
11.1825,0.001725
11.185,0.001725
11.1875,0.001725
11.19,0.001725
11.1925,0.001725
11.195,0.001725
11.1975,0.001725
11.2,0.001725
11.2025,0.001725
11.205,0.001725
11.2075,0.001725
11.21,0.001725
11.2125,0.001725
11.215,0.001725
11.2175,0.001725
11.22,0.001725
11.2225,0.001725
11.225,0.001725
11.2275,0.001725
11.23,0.001725
11.2325,0.001725
11.235,0.001725
11.2375,0.001725
11.24,0.001725
11.2425,0.001725
11.245,0.001725
11.2475,0.001725
11.25,0.001725
11.2525,0.001725
11.255,0.001725
11.2575,0.001725
11.26,0.001725
11.2625,0.001725
11.265,0.001725
11.2675,0.001725
11.27,0.001725
11.2725,0.001725
11.275,0.001725
11.2775,0.001725
11.28,0.001725
11.2825,0.001725
11.285,0.001725
11.2875,0.001725
11.29,0.001725
11.2925,0.001725
11.295,0.001725
11.2975,0.001725
11.3,0.001725
11.3025,0.001725
11.305,0.001725
11.3075,0.001725
11.31,0.001725
11.3125,0.001725
11.315,0.001725
11.3175,0.001725
11.32,0.001725
11.3225,0.001725
11.325,0.001725
11.3275,0.001725
11.33,0.001725
11.3325,0.001725
11.335,0.001725
11.3375,0.001725
11.34,0.001725
11.3425,0.001725
11.345,0.001725
11.3475,0.001725
11.35,0.001725
11.3525,0.001725
11.355,0.001725
11.3575,0.001725
11.36,0.001725
11.3625,0.001725
11.365,0.001725
11.3675,0.001725
11.37,0.001725
11.3725,0.001725
11.375,0.001725
11.3775,0.001725
11.38,0.001725
11.3825,0.001725
11.385,0.001725
11.3875,0.001725
11.39,0.001725
11.3925,0.001725
11.395,0.001725
11.3975,0.001725
11.4,0.001725
11.4025,0.001725
11.405,0.001725
11.4075,0.001725
11.41,0.001725
11.4125,0.001725
11.415,0.001775
11.4175,0.001775
11.42,0.001775
11.4225,0.001775
11.425,0.001775
11.4275,0.001775
11.43,0.001775
11.4325,0.001775
11.435,0.001775
11.4375,0.001775
11.44,0.001775
11.4425,0.001775
11.445,0.001775
11.4475,0.001775
11.45,0.001775
11.4525,0.001775
11.455,0.001775
11.4575,0.001775
11.46,0.001775
11.4625,0.001775
11.465,0.001775
11.4675,0.001775
11.47,0.001775
11.4725,0.001775
11.475,0.001775
11.4775,0.001775
11.48,0.001775
11.4825,0.001775
11.485,0.001775
11.4875,0.001775
11.49,0.001775
11.4925,0.001775
11.495,0.001775
11.4975,0.001775
11.5,0.001775
11.5025,0.001775
11.505,0.001775
11.5075,0.001775
11.51,0.001775
11.5125,0.001775
11.515,0.001775
11.5175,0.001775
11.52,0.001775
11.5225,0.001775
11.525,0.001775
11.5275,0.001775
11.53,0.001775
11.5325,0.001775
11.535,0.001775
11.5375,0.001775
11.54,0.001775
11.5425,0.001775
11.545,0.001775
11.5475,0.001775
11.55,0.001775
11.5525,0.001775
11.555,0.001775
11.5575,0.001775
11.56,0.001775
11.5625,0.001775
11.565,0.001775
11.5675,0.001775
11.57,0.001775
11.5725,0.001775
11.575,0.001775
11.5775,0.001775
11.58,0.001775
11.5825,0.001775
11.585,0.001775
11.5875,0.001775
11.59,0.001775
11.5925,0.001775
11.595,0.001775
11.5975,0.001775
11.6,0.001775
11.6025,0.001775
11.605,0.001775
11.6075,0.001775
11.61,0.001775
11.6125,0.001775
11.615,0.001775
11.6175,0.001775
11.62,0.001775
11.6225,0.001775
11.625,0.001775
11.6275,0.001775
11.63,0.001775
11.6325,0.001775
11.635,0.001775
11.6375,0.001775
11.64,0.001775
11.6425,0.001775
11.645,0.001775
11.6475,0.001775
11.65,0.001775
11.6525,0.001775
11.655,0.001775
11.6575,0.001775
11.66,0.001775
11.6625,0.001775
11.665,0.001775
11.6675,0.001775
11.67,0.001775
11.6725,0.001775
11.675,0.001775
11.6775,0.001775
11.68,0.001775
11.6825,0.001775
11.685,0.001775
11.6875,0.001775
11.69,0.001775
11.6925,0.001775
11.695,0.001775
11.6975,0.001775
11.7,0.001775
11.7025,0.001775
11.705,0.001775
11.7075,0.001775
11.71,0.001775
11.7125,0.001775
11.715,0.001775
11.7175,0.001775
11.72,0.001775
11.7225,0.001775
11.725,0.001775
11.7275,0.001775
11.73,0.001775
11.7325,0.001775
11.735,0.001775
11.7375,0.001775
11.74,0.001775
11.7425,0.001775
11.745,0.001775
11.7475,0.001775
11.75,0.001775
11.7525,0.001775
11.755,0.001775
11.7575,0.001775
11.76,0.001775
11.7625,0.001775
11.765,0.001775
11.7675,0.001775
11.77,0.001775
11.7725,0.001775
11.775,0.001775
11.7775,0.001775
11.78,0.001775
11.7825,0.001775
11.785,0.001775
11.7875,0.001775
11.79,0.001775
11.7925,0.001775
11.795,0.001775
11.7975,0.001775
11.8,0.001775
11.8025,0.001775
11.805,0.001775
11.8075,0.001775
11.81,0.001775
11.8125,0.001775
11.815,0.001775
11.8175,0.001775
11.82,0.001775
11.8225,0.001775
11.825,0.001775
11.8275,0.001775
11.83,0.001775
11.8325,0.001775
11.835,0.001775
11.8375,0.001775
11.84,0.001775
11.8425,0.001775
11.845,0.001775
11.8475,0.001775
11.85,0.001775
11.8525,0.001775
11.855,0.001775
11.8575,0.001775
11.86,0.001775
11.8625,0.001775
11.865,0.001775
11.8675,0.001775
11.87,0.001775
11.8725,0.001775
11.875,0.001775
11.8775,0.001775
11.88,0.001775
11.8825,0.001775
11.885,0.001775
11.8875,0.001775
11.89,0.001775
11.8925,0.001775
11.895,0.001775
11.8975,0.001775
11.9,0.001775
11.9025,0.001775
11.905,0.001775
11.9075,0.001775
11.91,0.001775
11.9125,0.001775
11.915,0.001775
11.9175,0.001775
11.92,0.001775
11.9225,0.001775
11.925,0.001775
11.9275,0.001775
11.93,0.001775
11.9325,0.001775
11.935,0.001775
11.9375,0.001775
11.94,0.001775
11.9425,0.001775
11.945,0.001775
11.9475,0.001775
11.95,0.001775
11.9525,0.001775
11.955,0.001775
11.9575,0.001775
11.96,0.001775
11.9625,0.001775
11.965,0.001775
11.9675,0.001775
11.97,0.001775
11.9725,0.001775
11.975,0.001775
11.9775,0.001775
11.98,0.001775
11.9825,0.001775
11.985,0.001775
11.9875,0.001775
11.99,0.001775
11.9925,0.001775
11.995,0.001775
11.9975,0.001775
12,0.001775
12.0025,0.001775
12.005,0.001775
12.0075,0.001775
12.01,0.001775
12.0125,0.001775
12.015,0.001775
12.0175,0.001775
12.02,0.001775
12.0225,0.001775
12.025,0.001775
12.0275,0.001775
12.03,0.001775
12.0325,0.001775
12.035,0.001775
12.0375,0.001775
12.04,0.001775
12.0425,0.001775
12.045,0.001775
12.0475,0.001775
12.05,0.001775
12.0525,0.001775
12.055,0.001775
12.0575,0.001775
12.06,0.001775
12.0625,0.001775
12.065,0.001775
12.0675,0.001775
12.07,0.001775
12.0725,0.001775
12.075,0.001775
12.0775,0.001775
12.08,0.001775
12.0825,0.001775
12.085,0.001775
12.0875,0.001775
12.09,0.001775
12.0925,0.001775
12.095,0.001775
12.0975,0.001775
12.1,0.001775
12.1025,0.001775
12.105,0.001775
12.1075,0.001775
12.11,0.001775
12.1125,0.001775
12.115,0.001775
12.1175,0.001775
12.12,0.001775
12.1225,0.001775
12.125,0.001775
12.1275,0.001775
12.13,0.001775
12.1325,0.001775
12.135,0.001775
12.1375,0.001775
12.14,0.001775
12.1425,0.001775
12.145,0.001775
12.1475,0.001775
12.15,0.001775
12.1525,0.001775
12.155,0.001775
12.1575,0.001775
12.16,0.001775
12.1625,0.001775
12.165,0.001775
12.1675,0.001775
12.17,0.001775
12.1725,0.001775
12.175,0.001775
12.1775,0.001775
12.18,0.001775
12.1825,0.001775
12.185,0.001775
12.1875,0.001775
12.19,0.001825
12.1925,0.001825
12.195,0.001825
12.1975,0.001825
12.2,0.001825
12.2025,0.001825
12.205,0.001825
12.2075,0.001825
12.21,0.001825
12.2125,0.001825
12.215,0.001825
12.2175,0.001825
12.22,0.001825
12.2225,0.001825
12.225,0.001825
12.2275,0.001825
12.23,0.001825
12.2325,0.001825
12.235,0.001825
12.2375,0.001825
12.24,0.001825
12.2425,0.001825
12.245,0.001825
12.2475,0.001825
12.25,0.001825
12.2525,0.001825
12.255,0.001825
12.2575,0.001825
12.26,0.001825
12.2625,0.001825
12.265,0.001825
12.2675,0.001825
12.27,0.001825
12.2725,0.001825
12.275,0.001825
12.2775,0.001825
12.28,0.001825
12.2825,0.001825
12.285,0.001825
12.2875,0.001825
12.29,0.001825
12.2925,0.001825
12.295,0.001825
12.2975,0.001825
12.3,0.001825
12.3025,0.001825
12.305,0.001825
12.3075,0.001825
12.31,0.001825
12.3125,0.001825
12.315,0.001825
12.3175,0.001825
12.32,0.001825
12.3225,0.001825
12.325,0.001825
12.3275,0.001825
12.33,0.001825
12.3325,0.001825
12.335,0.001825
12.3375,0.001825
12.34,0.001825
12.3425,0.001825
12.345,0.001825
12.3475,0.001825
12.35,0.001825
12.3525,0.001825
12.355,0.001825
12.3575,0.001825
12.36,0.001825
12.3625,0.001825
12.365,0.001825
12.3675,0.001825
12.37,0.001825
12.3725,0.001825
12.375,0.001825
12.3775,0.001825
12.38,0.001825
12.3825,0.001825
12.385,0.001825
12.3875,0.001825
12.39,0.001825
12.3925,0.001825
12.395,0.001825
12.3975,0.001825
12.4,0.001825
12.4025,0.001825
12.405,0.001825
12.4075,0.001825
12.41,0.001825
12.4125,0.001825
12.415,0.001825
12.4175,0.001825
12.42,0.001825
12.4225,0.001825
12.425,0.001825
12.4275,0.001825
12.43,0.001825
12.4325,0.001825
12.435,0.001825
12.4375,0.001825
12.44,0.001825
12.4425,0.001825
12.445,0.001825
12.4475,0.001825
12.45,0.001825
12.4525,0.001825
12.455,0.001825
12.4575,0.001825
12.46,0.001825
12.4625,0.001825
12.465,0.001825
12.4675,0.001825
12.47,0.001825
12.4725,0.001825
12.475,0.001825
12.4775,0.001825
12.48,0.001825
12.4825,0.001825
12.485,0.001825
12.4875,0.001825
12.49,0.001825
12.4925,0.001825
12.495,0.001825
12.4975,0.001825
12.5,0.001825
12.5025,0.001825
12.505,0.001825
12.5075,0.001825
12.51,0.001825
12.5125,0.001825
12.515,0.001825
12.5175,0.001825
12.52,0.001825
12.5225,0.001825
12.525,0.001825
12.5275,0.001825
12.53,0.001825
12.5325,0.001825
12.535,0.001825
12.5375,0.001825
12.54,0.001825
12.5425,0.001825
12.545,0.001825
12.5475,0.001825
12.55,0.001825
12.5525,0.001825
12.555,0.001825
12.5575,0.001825
12.56,0.001825
12.5625,0.001825
12.565,0.001825
12.5675,0.001825
12.57,0.001825
12.5725,0.001825
12.575,0.001825
12.5775,0.001825
12.58,0.001825
12.5825,0.001825
12.585,0.001825
12.5875,0.001825
12.59,0.001825
12.5925,0.001825
12.595,0.001825
12.5975,0.001825
12.6,0.001825
12.6025,0.001825
12.605,0.001825
12.6075,0.001825
12.61,0.001825
12.6125,0.001825
12.615,0.001825
12.6175,0.001825
12.62,0.001825
12.6225,0.001825
12.625,0.001825
12.6275,0.001825
12.63,0.001825
12.6325,0.001825
12.635,0.001825
12.6375,0.001825
12.64,0.001825
12.6425,0.001825
12.645,0.001825
12.6475,0.001825
12.65,0.001825
12.6525,0.001825
12.655,0.001825
12.6575,0.001825
12.66,0.001825
12.6625,0.001825
12.665,0.001825
12.6675,0.001825
12.67,0.001825
12.6725,0.001825
12.675,0.001825
12.6775,0.001825
12.68,0.001825
12.6825,0.001825
12.685,0.001825
12.6875,0.001825
12.69,0.001825
12.6925,0.001825
12.695,0.001825
12.6975,0.001825
12.7,0.001825
12.7025,0.001825
12.705,0.001825
12.7075,0.001825
12.71,0.001825
12.7125,0.001825
12.715,0.001825
12.7175,0.001825
12.72,0.001825
12.7225,0.001825
12.725,0.001825
12.7275,0.001825
12.73,0.001825
12.7325,0.001825
12.735,0.001825
12.7375,0.001825
12.74,0.001825
12.7425,0.001825
12.745,0.001825
12.7475,0.001825
12.75,0.001825
12.7525,0.001825
12.755,0.001825
12.7575,0.001825
12.76,0.001825
12.7625,0.001825
12.765,0.001825
12.7675,0.001825
12.77,0.001825
12.7725,0.001825
12.775,0.001825
12.7775,0.001825
12.78,0.001825
12.7825,0.001825
12.785,0.001825
12.7875,0.001825
12.79,0.001825
12.7925,0.001825
12.795,0.001825
12.7975,0.001825
12.8,0.001825
12.8025,0.001825
12.805,0.001825
12.8075,0.001825
12.81,0.001825
12.8125,0.001825
12.815,0.001825
12.8175,0.001825
12.82,0.001825
12.8225,0.001825
12.825,0.001825
12.8275,0.001825
12.83,0.001825
12.8325,0.001825
12.835,0.001825
12.8375,0.001825
12.84,0.001825
12.8425,0.001825
12.845,0.001825
12.8475,0.001825
12.85,0.001825
12.8525,0.001825
12.855,0.001825
12.8575,0.001825
12.86,0.001825
12.8625,0.001825
12.865,0.001825
12.8675,0.001825
12.87,0.001825
12.8725,0.001825
12.875,0.001825
12.8775,0.001825
12.88,0.001825
12.8825,0.001825
12.885,0.001825
12.8875,0.001825
12.89,0.001825
12.8925,0.001825
12.895,0.001825
12.8975,0.001825
12.9,0.001825
12.9025,0.001825
12.905,0.001825
12.9075,0.001825
12.91,0.001825
12.9125,0.001825
12.915,0.001825
12.9175,0.001875
12.92,0.001875
12.9225,0.001875
12.925,0.001875
12.9275,0.001875
12.93,0.001875
12.9325,0.001875
12.935,0.001875
12.9375,0.001875
12.94,0.001875
12.9425,0.001875
12.945,0.001875
12.9475,0.001875
12.95,0.001875
12.9525,0.001875
12.955,0.001875
12.9575,0.001875
12.96,0.001875
12.9625,0.001875
12.965,0.001875
12.9675,0.001875
12.97,0.001875
12.9725,0.001875
12.975,0.001875
12.9775,0.001875
12.98,0.001875
12.9825,0.001875
12.985,0.001875
12.9875,0.001875
12.99,0.001875
12.9925,0.001875
12.995,0.001875
12.9975,0.001875
13,0.001875
13.0025,0.001875
13.005,0.001875
13.0075,0.001875
13.01,0.001875
13.0125,0.001875
13.015,0.001875
13.0175,0.001875
13.02,0.001875
13.0225,0.001875
13.025,0.001875
13.0275,0.001875
13.03,0.001875
13.0325,0.001875
13.035,0.001875
13.0375,0.001875
13.04,0.001875
13.0425,0.001875
13.045,0.001875
13.0475,0.001875
13.05,0.001875
13.0525,0.001875
13.055,0.001875
13.0575,0.001875
13.06,0.001875
13.0625,0.001875
13.065,0.001875
13.0675,0.001875
13.07,0.001875
13.0725,0.001875
13.075,0.001875
13.0775,0.001875
13.08,0.001875
13.0825,0.001875
13.085,0.001875
13.0875,0.001875
13.09,0.001875
13.0925,0.001875
13.095,0.001875
13.0975,0.001875
13.1,0.001875
13.1025,0.001875
13.105,0.001875
13.1075,0.001875
13.11,0.001875
13.1125,0.001875
13.115,0.001875
13.1175,0.001875
13.12,0.001875
13.1225,0.001875
13.125,0.001875
13.1275,0.001875
13.13,0.001875
13.1325,0.001875
13.135,0.001875
13.1375,0.001875
13.14,0.001875
13.1425,0.001875
13.145,0.001875
13.1475,0.001875
13.15,0.001875
13.1525,0.001875
13.155,0.001875
13.1575,0.001875
13.16,0.001875
13.1625,0.001875
13.165,0.001875
13.1675,0.001875
13.17,0.001875
13.1725,0.001875
13.175,0.001875
13.1775,0.001875
13.18,0.001875
13.1825,0.001875
13.185,0.001875
13.1875,0.001875
13.19,0.001875
13.1925,0.001875
13.195,0.001875
13.1975,0.001875
13.2,0.001875
13.2025,0.001875
13.205,0.001875
13.2075,0.001875
13.21,0.001875
13.2125,0.001875
13.215,0.001875
13.2175,0.001875
13.22,0.001875
13.2225,0.001875
13.225,0.001875
13.2275,0.001875
13.23,0.001875
13.2325,0.001875
13.235,0.001875
13.2375,0.001875
13.24,0.001875
13.2425,0.001875
13.245,0.001875
13.2475,0.001875
13.25,0.001875
13.2525,0.001875
13.255,0.001875
13.2575,0.001875
13.26,0.001875
13.2625,0.001875
13.265,0.001875
13.2675,0.001875
13.27,0.001875
13.2725,0.001875
13.275,0.001875
13.2775,0.001875
13.28,0.001875
13.2825,0.001875
13.285,0.001875
13.2875,0.001875
13.29,0.001875
13.2925,0.001875
13.295,0.001875
13.2975,0.001875
13.3,0.001875
13.3025,0.001875
13.305,0.001875
13.3075,0.001875
13.31,0.001875
13.3125,0.001875
13.315,0.001875
13.3175,0.001875
13.32,0.001875
13.3225,0.001875
13.325,0.001875
13.3275,0.001875
13.33,0.001875
13.3325,0.001875
13.335,0.001875
13.3375,0.001875
13.34,0.001875
13.3425,0.001875
13.345,0.001875
13.3475,0.001875
13.35,0.001875
13.3525,0.001875
13.355,0.001875
13.3575,0.001875
13.36,0.001875
13.3625,0.001875
13.365,0.001875
13.3675,0.001875
13.37,0.001875
13.3725,0.001875
13.375,0.001875
13.3775,0.001875
13.38,0.001875
13.3825,0.001875
13.385,0.001875
13.3875,0.001875
13.39,0.001875
13.3925,0.001875
13.395,0.001875
13.3975,0.001875
13.4,0.001875
13.4025,0.001875
13.405,0.001875
13.4075,0.001875
13.41,0.001875
13.4125,0.001875
13.415,0.001875
13.4175,0.001875
13.42,0.001875
13.4225,0.001875
13.425,0.001875
13.4275,0.001875
13.43,0.001875
13.4325,0.001875
13.435,0.001875
13.4375,0.001875
13.44,0.001875
13.4425,0.001875
13.445,0.001875
13.4475,0.001875
13.45,0.001875
13.4525,0.001875
13.455,0.001875
13.4575,0.001875
13.46,0.001875
13.4625,0.001875
13.465,0.001875
13.4675,0.001875
13.47,0.001875
13.4725,0.001875
13.475,0.001875
13.4775,0.001875
13.48,0.001875
13.4825,0.001875
13.485,0.001875
13.4875,0.001875
13.49,0.001875
13.4925,0.001875
13.495,0.001875
13.4975,0.001875
13.5,0.001875
13.5025,0.001875
13.505,0.001875
13.5075,0.001875
13.51,0.001875
13.5125,0.001875
13.515,0.001875
13.5175,0.001875
13.52,0.001875
13.5225,0.001875
13.525,0.001875
13.5275,0.001875
13.53,0.001875
13.5325,0.001875
13.535,0.001875
13.5375,0.001875
13.54,0.001875
13.5425,0.001875
13.545,0.001875
13.5475,0.001875
13.55,0.001875
13.5525,0.001875
13.555,0.001875
13.5575,0.001875
13.56,0.001875
13.5625,0.001875
13.565,0.001875
13.5675,0.001875
13.57,0.001875
13.5725,0.001875
13.575,0.001875
13.5775,0.001875
13.58,0.001875
13.5825,0.001875
13.585,0.001875
13.5875,0.001875
13.59,0.001875
13.5925,0.001875
13.595,0.001875
13.5975,0.001875
13.6,0.001875
13.6025,0.001875
13.605,0.001875
13.6075,0.001875
13.61,0.001875
13.6125,0.001875
13.615,0.001875
13.6175,0.001875
13.62,0.001875
13.6225,0.001875
13.625,0.001875
13.6275,0.001875
13.63,0.001875
13.6325,0.001875
13.635,0.001875
13.6375,0.001875
13.64,0.001875
13.6425,0.001875
13.645,0.001875
13.6475,0.001875
13.65,0.001875
13.6525,0.001875
13.655,0.001875
13.6575,0.001875
13.66,0.001875
13.6625,0.001875
13.665,0.001875
13.6675,0.001925
13.67,0.001925
13.6725,0.001925
13.675,0.001925
13.6775,0.001925
13.68,0.001925
13.6825,0.001925
13.685,0.001925
13.6875,0.001925
13.69,0.001925
13.6925,0.001925
13.695,0.001925
13.6975,0.001925
13.7,0.001925
13.7025,0.001925
13.705,0.001925
13.7075,0.001925
13.71,0.001925
13.7125,0.001925
13.715,0.001925
13.7175,0.001925
13.72,0.001925
13.7225,0.001925
13.725,0.001925
13.7275,0.001925
13.73,0.001925
13.7325,0.001925
13.735,0.001925
13.7375,0.001925
13.74,0.001925
13.7425,0.001925
13.745,0.001925
13.7475,0.001925
13.75,0.001925
13.7525,0.001925
13.755,0.001925
13.7575,0.001925
13.76,0.001925
13.7625,0.001925
13.765,0.001925
13.7675,0.001925
13.77,0.001925
13.7725,0.001925
13.775,0.001925
13.7775,0.001925
13.78,0.001925
13.7825,0.001925
13.785,0.001925
13.7875,0.001925
13.79,0.001925
13.7925,0.001925
13.795,0.001925
13.7975,0.001925
13.8,0.001925
13.8025,0.001925
13.805,0.001925
13.8075,0.001925
13.81,0.001925
13.8125,0.001925
13.815,0.001925
13.8175,0.001925
13.82,0.001925
13.8225,0.001925
13.825,0.001925
13.8275,0.001925
13.83,0.001925
13.8325,0.001925
13.835,0.001925
13.8375,0.001925
13.84,0.001925
13.8425,0.001925
13.845,0.001925
13.8475,0.001925
13.85,0.001925
13.8525,0.001925
13.855,0.001925
13.8575,0.001925
13.86,0.001925
13.8625,0.001925
13.865,0.001925
13.8675,0.001925
13.87,0.001925
13.8725,0.001925
13.875,0.001925
13.8775,0.001925
13.88,0.001925
13.8825,0.001925
13.885,0.001925
13.8875,0.001925
13.89,0.001925
13.8925,0.001925
13.895,0.001925
13.8975,0.001925
13.9,0.001925
13.9025,0.001925
13.905,0.001925
13.9075,0.001925
13.91,0.001925
13.9125,0.001925
13.915,0.001925
13.9175,0.001925
13.92,0.001925
13.9225,0.001925
13.925,0.001925
13.9275,0.001925
13.93,0.001925
13.9325,0.001925
13.935,0.001925
13.9375,0.001925
13.94,0.001925
13.9425,0.001925
13.945,0.001925
13.9475,0.001925
13.95,0.001925
13.9525,0.001925
13.955,0.001925
13.9575,0.001925
13.96,0.001925
13.9625,0.001925
13.965,0.001925
13.9675,0.001925
13.97,0.001925
13.9725,0.001925
13.975,0.001925
13.9775,0.001925
13.98,0.001925
13.9825,0.001925
13.985,0.001925
13.9875,0.001925
13.99,0.001925
13.9925,0.001925
13.995,0.001925
13.9975,0.001925
14,0.001925
14.0025,0.001925
14.005,0.001925
14.0075,0.001925
14.01,0.001925
14.0125,0.001925
14.015,0.001925
14.0175,0.001925
14.02,0.001925
14.0225,0.001925
14.025,0.001925
14.0275,0.001925
14.03,0.001925
14.0325,0.001925
14.035,0.001925
14.0375,0.001925
14.04,0.001925
14.0425,0.001925
14.045,0.001925
14.0475,0.001925
14.05,0.001925
14.0525,0.001925
14.055,0.001925
14.0575,0.001925
14.06,0.001925
14.0625,0.001925
14.065,0.001925
14.0675,0.001925
14.07,0.001925
14.0725,0.001925
14.075,0.001925
14.0775,0.001925
14.08,0.001925
14.0825,0.001925
14.085,0.001925
14.0875,0.001925
14.09,0.001925
14.0925,0.001925
14.095,0.001925
14.0975,0.001925
14.1,0.001925
14.1025,0.001925
14.105,0.001925
14.1075,0.001925
14.11,0.001925
14.1125,0.001925
14.115,0.001925
14.1175,0.001925
14.12,0.001925
14.1225,0.001925
14.125,0.001925
14.1275,0.001925
14.13,0.001925
14.1325,0.001925
14.135,0.001925
14.1375,0.001925
14.14,0.001925
14.1425,0.001925
14.145,0.001925
14.1475,0.001925
14.15,0.001925
14.1525,0.001925
14.155,0.001925
14.1575,0.001925
14.16,0.001925
14.1625,0.001925
14.165,0.001925
14.1675,0.001925
14.17,0.001925
14.1725,0.001925
14.175,0.001925
14.1775,0.001925
14.18,0.001925
14.1825,0.001925
14.185,0.001925
14.1875,0.001925
14.19,0.001925
14.1925,0.001925
14.195,0.001925
14.1975,0.001925
14.2,0.001925
14.2025,0.001925
14.205,0.001925
14.2075,0.001925
14.21,0.001925
14.2125,0.001925
14.215,0.001925
14.2175,0.001925
14.22,0.001925
14.2225,0.001925
14.225,0.001925
14.2275,0.001925
14.23,0.001925
14.2325,0.001925
14.235,0.001925
14.2375,0.001925
14.24,0.001925
14.2425,0.001925
14.245,0.001925
14.2475,0.001925
14.25,0.001925
14.2525,0.001925
14.255,0.001925
14.2575,0.001925
14.26,0.001925
14.2625,0.001925
14.265,0.001925
14.2675,0.001925
14.27,0.001925
14.2725,0.001925
14.275,0.001925
14.2775,0.001925
14.28,0.001925
14.2825,0.001925
14.285,0.001925
14.2875,0.001925
14.29,0.001925
14.2925,0.001925
14.295,0.001925
14.2975,0.001925
14.3,0.001925
14.3025,0.001925
14.305,0.001925
14.3075,0.001925
14.31,0.001925
14.3125,0.001925
14.315,0.001925
14.3175,0.001925
14.32,0.001925
14.3225,0.001925
14.325,0.001925
14.3275,0.001925
14.33,0.001925
14.3325,0.001925
14.335,0.001925
14.3375,0.001925
14.34,0.001925
14.3425,0.001925
14.345,0.001925
14.3475,0.001925
14.35,0.001925
14.3525,0.001925
14.355,0.001925
14.3575,0.001925
14.36,0.001925
14.3625,0.001925
14.365,0.001925
14.3675,0.001925
14.37,0.001925
14.3725,0.001925
14.375,0.001925
14.3775,0.001925
14.38,0.001925
14.3825,0.001925
14.385,0.001925
14.3875,0.001925
14.39,0.001925
14.3925,0.001925
14.395,0.001925
14.3975,0.001925
14.4,0.001925
14.4025,0.001925
14.405,0.001925
14.4075,0.001925
14.41,0.001925
14.4125,0.001925
14.415,0.001925
14.4175,0.001925
14.42,0.001925
14.4225,0.001925
14.425,0.001925
14.4275,0.001925
14.43,0.001925
14.4325,0.001975
14.435,0.001975
14.4375,0.001975
14.44,0.001975
14.4425,0.001975
14.445,0.001975
14.4475,0.001975
14.45,0.001975
14.4525,0.001975
14.455,0.001975
14.4575,0.001975
14.46,0.001975
14.4625,0.001975
14.465,0.001975
14.4675,0.001975
14.47,0.001975
14.4725,0.001975
14.475,0.001975
14.4775,0.001975
14.48,0.001975
14.4825,0.001975
14.485,0.001975
14.4875,0.001975
14.49,0.001975
14.4925,0.001975
14.495,0.001975
14.4975,0.001975
14.5,0.001975
14.5025,0.001975
14.505,0.001975
14.5075,0.001975
14.51,0.001975
14.5125,0.001975
14.515,0.001975
14.5175,0.001975
14.52,0.001975
14.5225,0.001975
14.525,0.001975
14.5275,0.001975
14.53,0.001975
14.5325,0.001975
14.535,0.001975
14.5375,0.001975
14.54,0.001975
14.5425,0.001975
14.545,0.001975
14.5475,0.001975
14.55,0.001975
14.5525,0.001975
14.555,0.001975
14.5575,0.001975
14.56,0.001975
14.5625,0.001975
14.565,0.001975
14.5675,0.001975
14.57,0.001975
14.5725,0.001975
14.575,0.001975
14.5775,0.001975
14.58,0.001975
14.5825,0.001975
14.585,0.001975
14.5875,0.001975
14.59,0.001975
14.5925,0.001975
14.595,0.001975
14.5975,0.001975
14.6,0.001975
14.6025,0.001975
14.605,0.001975
14.6075,0.001975
14.61,0.001975
14.6125,0.001975
14.615,0.001975
14.6175,0.001975
14.62,0.001975
14.6225,0.001975
14.625,0.001975
14.6275,0.001975
14.63,0.001975
14.6325,0.001975
14.635,0.001975
14.6375,0.001975
14.64,0.001975
14.6425,0.001975
14.645,0.001975
14.6475,0.001975
14.65,0.001975
14.6525,0.001975
14.655,0.001975
14.6575,0.001975
14.66,0.001975
14.6625,0.001975
14.665,0.001975
14.6675,0.001975
14.67,0.001975
14.6725,0.001975
14.675,0.001975
14.6775,0.001975
14.68,0.001975
14.6825,0.001975
14.685,0.001975
14.6875,0.001975
14.69,0.001975
14.6925,0.001975
14.695,0.001975
14.6975,0.001975
14.7,0.001975
14.7025,0.001975
14.705,0.001975
14.7075,0.001975
14.71,0.001975
14.7125,0.001975
14.715,0.001975
14.7175,0.001975
14.72,0.001975
14.7225,0.001975
14.725,0.001975
14.7275,0.001975
14.73,0.001975
14.7325,0.001975
14.735,0.001975
14.7375,0.001975
14.74,0.001975
14.7425,0.001975
14.745,0.001975
14.7475,0.001975
14.75,0.001975
14.7525,0.001975
14.755,0.001975
14.7575,0.001975
14.76,0.001975
14.7625,0.001975
14.765,0.001975
14.7675,0.001975
14.77,0.001975
14.7725,0.001975
14.775,0.001975
14.7775,0.001975
14.78,0.001975
14.7825,0.001975
14.785,0.001975
14.7875,0.001975
14.79,0.001975
14.7925,0.001975
14.795,0.001975
14.7975,0.001975
14.8,0.001975
14.8025,0.001975
14.805,0.001975
14.8075,0.001975
14.81,0.001975
14.8125,0.001975
14.815,0.001975
14.8175,0.001975
14.82,0.001975
14.8225,0.001975
14.825,0.001975
14.8275,0.001975
14.83,0.001975
14.8325,0.001975
14.835,0.001975
14.8375,0.001975
14.84,0.001975
14.8425,0.001975
14.845,0.001975
14.8475,0.001975
14.85,0.001975
14.8525,0.001975
14.855,0.001975
14.8575,0.001975
14.86,0.001975
14.8625,0.001975
14.865,0.001975
14.8675,0.001975
14.87,0.001975
14.8725,0.001975
14.875,0.001975
14.8775,0.001975
14.88,0.001975
14.8825,0.001975
14.885,0.001975
14.8875,0.001975
14.89,0.001975
14.8925,0.001975
14.895,0.001975
14.8975,0.001975
14.9,0.001975
14.9025,0.001975
14.905,0.001975
14.9075,0.001975
14.91,0.001975
14.9125,0.001975
14.915,0.001975
14.9175,0.001975
14.92,0.001975
14.9225,0.001975
14.925,0.001975
14.9275,0.001975
14.93,0.001975
14.9325,0.001975
14.935,0.001975
14.9375,0.001975
14.94,0.001975
14.9425,0.001975
14.945,0.001975
14.9475,0.001975
14.95,0.001975
14.9525,0.001975
14.955,0.001975
14.9575,0.001975
14.96,0.001975
14.9625,0.001975
14.965,0.001975
14.9675,0.001975
14.97,0.001975
14.9725,0.001975
14.975,0.001975
14.9775,0.001975
14.98,0.001975
14.9825,0.001975
14.985,0.001975
14.9875,0.001975
14.99,0.001975
14.9925,0.001975
14.995,0.001975
14.9975,0.001975
15,0.001975
15.0025,0.001975
15.005,0.001975
15.0075,0.001975
15.01,0.001975
15.0125,0.001975
15.015,0.001975
15.0175,0.001975
15.02,0.001975
15.0225,0.001975
15.025,0.001975
15.0275,0.001975
15.03,0.001975
15.0325,0.001975
15.035,0.001975
15.0375,0.001975
15.04,0.001975
15.0425,0.001975
15.045,0.001975
15.0475,0.001975
15.05,0.001975
15.0525,0.001975
15.055,0.001975
15.0575,0.001975
15.06,0.001975
15.0625,0.001975
15.065,0.001975
15.0675,0.001975
15.07,0.001975
15.0725,0.001975
15.075,0.001975
15.0775,0.001975
15.08,0.001975
15.0825,0.001975
15.085,0.001975
15.0875,0.001975
15.09,0.001975
15.0925,0.001975
15.095,0.001975
15.0975,0.001975
15.1,0.001975
15.1025,0.001975
15.105,0.001975
15.1075,0.001975
15.11,0.001975
15.1125,0.001975
15.115,0.001975
15.1175,0.001975
15.12,0.001975
15.1225,0.001975
15.125,0.001975
15.1275,0.001975
15.13,0.001975
15.1325,0.001975
15.135,0.001975
15.1375,0.001975
15.14,0.001975
15.1425,0.001975
15.145,0.001975
15.1475,0.001975
15.15,0.001975
15.1525,0.001975
15.155,0.001975
15.1575,0.001975
15.16,0.001975
15.1625,0.001975
15.165,0.001975
15.1675,0.001975
15.17,0.001975
15.1725,0.001975
15.175,0.001975
15.1775,0.001975
15.18,0.001975
15.1825,0.001975
15.185,0.001975
15.1875,0.001975
15.19,0.001975
15.1925,0.001975
15.195,0.001975
15.1975,0.001975
15.2,0.001975
15.2025,0.001975
15.205,0.001975
15.2075,0.001975
15.21,0.001975
15.2125,0.001975
15.215,0.002025
15.2175,0.002025
15.22,0.002025
15.2225,0.002025
15.225,0.002025
15.2275,0.002025
15.23,0.002025
15.2325,0.002025
15.235,0.002025
15.2375,0.002025
15.24,0.002025
15.2425,0.002025
15.245,0.002025
15.2475,0.002025
15.25,0.002025
15.2525,0.002025
15.255,0.002025
15.2575,0.002025
15.26,0.002025
15.2625,0.002025
15.265,0.002025
15.2675,0.002025
15.27,0.002025
15.2725,0.002025
15.275,0.002025
15.2775,0.002025
15.28,0.002025
15.2825,0.002025
15.285,0.002025
15.2875,0.002025
15.29,0.002025
15.2925,0.002025
15.295,0.002025
15.2975,0.002025
15.3,0.002025
15.3025,0.002025
15.305,0.002025
15.3075,0.002025
15.31,0.002025
15.3125,0.002025
15.315,0.002025
15.3175,0.002025
15.32,0.002025
15.3225,0.002025
15.325,0.002025
15.3275,0.002025
15.33,0.002025
15.3325,0.002025
15.335,0.002025
15.3375,0.002025
15.34,0.002025
15.3425,0.002025
15.345,0.002025
15.3475,0.002025
15.35,0.002025
15.3525,0.002025
15.355,0.002025
15.3575,0.002025
15.36,0.002025
15.3625,0.002025
15.365,0.002025
15.3675,0.002025
15.37,0.002025
15.3725,0.002025
15.375,0.002025
15.3775,0.002025
15.38,0.002025
15.3825,0.002025
15.385,0.002025
15.3875,0.002025
15.39,0.002025
15.3925,0.002025
15.395,0.002025
15.3975,0.002025
15.4,0.002025
15.4025,0.002025
15.405,0.002025
15.4075,0.002025
15.41,0.002025
15.4125,0.002025
15.415,0.002025
15.4175,0.002025
15.42,0.002025
15.4225,0.002025
15.425,0.002025
15.4275,0.002025
15.43,0.002025
15.4325,0.002025
15.435,0.002025
15.4375,0.002025
15.44,0.002025
15.4425,0.002025
15.445,0.002025
15.4475,0.002025
15.45,0.002025
15.4525,0.002025
15.455,0.002025
15.4575,0.002025
15.46,0.002025
15.4625,0.002025
15.465,0.002025
15.4675,0.002025
15.47,0.002025
15.4725,0.002025
15.475,0.002025
15.4775,0.002025
15.48,0.002025
15.4825,0.002025
15.485,0.002025
15.4875,0.002025
15.49,0.002025
15.4925,0.002025
15.495,0.002025
15.4975,0.002025
15.5,0.002025
15.5025,0.002025
15.505,0.002025
15.5075,0.002025
15.51,0.002025
15.5125,0.002025
15.515,0.002025
15.5175,0.002025
15.52,0.002025
15.5225,0.002025
15.525,0.002025
15.5275,0.002025
15.53,0.002025
15.5325,0.002025
15.535,0.002025
15.5375,0.002025
15.54,0.002025
15.5425,0.002025
15.545,0.002025
15.5475,0.002025
15.55,0.002025
15.5525,0.002025
15.555,0.002025
15.5575,0.002025
15.56,0.002025
15.5625,0.002025
15.565,0.002025
15.5675,0.002025
15.57,0.002025
15.5725,0.002025
15.575,0.002025
15.5775,0.002025
15.58,0.002025
15.5825,0.002025
15.585,0.002025
15.5875,0.002025
15.59,0.002025
15.5925,0.002025
15.595,0.002025
15.5975,0.002025
15.6,0.002025
15.6025,0.002025
15.605,0.002025
15.6075,0.002025
15.61,0.002025
15.6125,0.002025
15.615,0.002025
15.6175,0.002025
15.62,0.002025
15.6225,0.002025
15.625,0.002025
15.6275,0.002025
15.63,0.002025
15.6325,0.002025
15.635,0.002025
15.6375,0.002025
15.64,0.002025
15.6425,0.002025
15.645,0.002025
15.6475,0.002025
15.65,0.002025
15.6525,0.002025
15.655,0.002025
15.6575,0.002025
15.66,0.002025
15.6625,0.002025
15.665,0.002025
15.6675,0.002025
15.67,0.002025
15.6725,0.002025
15.675,0.002025
15.6775,0.002025
15.68,0.002025
15.6825,0.002025
15.685,0.002025
15.6875,0.002025
15.69,0.002025
15.6925,0.002025
15.695,0.002025
15.6975,0.002025
15.7,0.002025
15.7025,0.002025
15.705,0.002025
15.7075,0.002025
15.71,0.002025
15.7125,0.002025
15.715,0.002025
15.7175,0.002025
15.72,0.002025
15.7225,0.002025
15.725,0.002025
15.7275,0.002025
15.73,0.002025
15.7325,0.002025
15.735,0.002025
15.7375,0.002025
15.74,0.002025
15.7425,0.002025
15.745,0.002025
15.7475,0.002025
15.75,0.002025
15.7525,0.002025
15.755,0.002025
15.7575,0.002025
15.76,0.002025
15.7625,0.002025
15.765,0.002025
15.7675,0.002025
15.77,0.002025
15.7725,0.002025
15.775,0.002025
15.7775,0.002025
15.78,0.002025
15.7825,0.002025
15.785,0.002025
15.7875,0.002025
15.79,0.002025
15.7925,0.002025
15.795,0.002025
15.7975,0.002025
15.8,0.002025
15.8025,0.002025
15.805,0.002025
15.8075,0.002025
15.81,0.002025
15.8125,0.002025
15.815,0.002025
15.8175,0.002025
15.82,0.002025
15.8225,0.002025
15.825,0.002025
15.8275,0.002025
15.83,0.002025
15.8325,0.002025
15.835,0.002025
15.8375,0.002025
15.84,0.002025
15.8425,0.002025
15.845,0.002025
15.8475,0.002025
15.85,0.002025
15.8525,0.002025
15.855,0.002025
15.8575,0.002025
15.86,0.002025
15.8625,0.002025
15.865,0.002025
15.8675,0.002025
15.87,0.002025
15.8725,0.002025
15.875,0.002025
15.8775,0.002025
15.88,0.002025
15.8825,0.002025
15.885,0.002025
15.8875,0.002025
15.89,0.002025
15.8925,0.002025
15.895,0.002025
15.8975,0.002025
15.9,0.002025
15.9025,0.002025
15.905,0.002025
15.9075,0.002025
15.91,0.002025
15.9125,0.002025
15.915,0.002025
15.9175,0.002025
15.92,0.002025
15.9225,0.002025
15.925,0.002025
15.9275,0.002025
15.93,0.002025
15.9325,0.002025
15.935,0.002025
15.9375,0.002025
15.94,0.002025
15.9425,0.002025
15.945,0.002025
15.9475,0.002025
15.95,0.002025
15.9525,0.002025
15.955,0.002025
15.9575,0.002025
15.96,0.002025
15.9625,0.002025
15.965,0.002025
15.9675,0.002025
15.97,0.002025
15.9725,0.002025
15.975,0.002025
15.9775,0.002025
15.98,0.002025
15.9825,0.002025
15.985,0.002025
15.9875,0.002025
15.99,0.002025
15.9925,0.002025
15.995,0.002025
15.9975,0.002025
16,0.002025
16.0025,0.002025
16.005,0.002025
16.0075,0.002025
16.01,0.002025
16.0125,0.002025
16.015,0.002025
16.0175,0.002025
16.02,0.002025
16.0225,0.002025
16.025,0.002025
16.0275,0.002025
16.03,0.002075
16.0325,0.002075
16.035,0.002075
16.0375,0.002075
16.04,0.002075
16.0425,0.002075
16.045,0.002075
16.0475,0.002075
16.05,0.002075
16.0525,0.002075
16.055,0.002075
16.0575,0.002075
16.06,0.002075
16.0625,0.002075
16.065,0.002075
16.0675,0.002075
16.07,0.002075
16.0725,0.002075
16.075,0.002075
16.0775,0.002075
16.08,0.002075
16.0825,0.002075
16.085,0.002075
16.0875,0.002075
16.09,0.002075
16.0925,0.002075
16.095,0.002075
16.0975,0.002075
16.1,0.002075
16.1025,0.002075
16.105,0.002075
16.1075,0.002075
16.11,0.002075
16.1125,0.002075
16.115,0.002075
16.1175,0.002075
16.12,0.002075
16.1225,0.002075
16.125,0.002075
16.1275,0.002075
16.13,0.002075
16.1325,0.002075
16.135,0.002075
16.1375,0.002075
16.14,0.002075
16.1425,0.002075
16.145,0.002075
16.1475,0.002075
16.15,0.002075
16.1525,0.002075
16.155,0.002075
16.1575,0.002075
16.16,0.002075
16.1625,0.002075
16.165,0.002075
16.1675,0.002075
16.17,0.002075
16.1725,0.002075
16.175,0.002075
16.1775,0.002075
16.18,0.002075
16.1825,0.002075
16.185,0.002075
16.1875,0.002075
16.19,0.002075
16.1925,0.002075
16.195,0.002075
16.1975,0.002075
16.2,0.002075
16.2025,0.002075
16.205,0.002075
16.2075,0.002075
16.21,0.002075
16.2125,0.002075
16.215,0.002075
16.2175,0.002075
16.22,0.002075
16.2225,0.002075
16.225,0.002075
16.2275,0.002075
16.23,0.002075
16.2325,0.002075
16.235,0.002075
16.2375,0.002075
16.24,0.002075
16.2425,0.002075
16.245,0.002075
16.2475,0.002075
16.25,0.002075
16.2525,0.002075
16.255,0.002075
16.2575,0.002075
16.26,0.002075
16.2625,0.002075
16.265,0.002075
16.2675,0.002075
16.27,0.002075
16.2725,0.002075
16.275,0.002075
16.2775,0.002075
16.28,0.002075
16.2825,0.002075
16.285,0.002075
16.2875,0.002075
16.29,0.002075
16.2925,0.002075
16.295,0.002075
16.2975,0.002075
16.3,0.002075
16.3025,0.002075
16.305,0.002075
16.3075,0.002075
16.31,0.002075
16.3125,0.002075
16.315,0.002075
16.3175,0.002075
16.32,0.002075
16.3225,0.002075
16.325,0.002075
16.3275,0.002075
16.33,0.002075
16.3325,0.002075
16.335,0.002075
16.3375,0.002075
16.34,0.002075
16.3425,0.002075
16.345,0.002075
16.3475,0.002075
16.35,0.002075
16.3525,0.002075
16.355,0.002075
16.3575,0.002075
16.36,0.002075
16.3625,0.002075
16.365,0.002075
16.3675,0.002075
16.37,0.002075
16.3725,0.002075
16.375,0.002075
16.3775,0.002075
16.38,0.002075
16.3825,0.002075
16.385,0.002075
16.3875,0.002075
16.39,0.002075
16.3925,0.002075
16.395,0.002075
16.3975,0.002075
16.4,0.002075
16.4025,0.002075
16.405,0.002075
16.4075,0.002075
16.41,0.002075
16.4125,0.002075
16.415,0.002075
16.4175,0.002075
16.42,0.002075
16.4225,0.002075
16.425,0.002075
16.4275,0.002075
16.43,0.002075
16.4325,0.002075
16.435,0.002075
16.4375,0.002075
16.44,0.002075
16.4425,0.002075
16.445,0.002075
16.4475,0.002075
16.45,0.002075
16.4525,0.002075
16.455,0.002075
16.4575,0.002075
16.46,0.002075
16.4625,0.002075
16.465,0.002075
16.4675,0.002075
16.47,0.002075
16.4725,0.002075
16.475,0.002075
16.4775,0.002075
16.48,0.002075
16.4825,0.002075
16.485,0.002075
16.4875,0.002075
16.49,0.002075
16.4925,0.002075
16.495,0.002075
16.4975,0.002075
16.5,0.002075
16.5025,0.002075
16.505,0.002075
16.5075,0.002075
16.51,0.002075
16.5125,0.002075
16.515,0.002075
16.5175,0.002075
16.52,0.002075
16.5225,0.002075
16.525,0.002075
16.5275,0.002075
16.53,0.002075
16.5325,0.002075
16.535,0.002075
16.5375,0.002075
16.54,0.002075
16.5425,0.002075
16.545,0.002075
16.5475,0.002075
16.55,0.002075
16.5525,0.002075
16.555,0.002075
16.5575,0.002075
16.56,0.002075
16.5625,0.002075
16.565,0.002075
16.5675,0.002075
16.57,0.002075
16.5725,0.002075
16.575,0.002075
16.5775,0.002075
16.58,0.002075
16.5825,0.002075
16.585,0.002075
16.5875,0.002075
16.59,0.002075
16.5925,0.002075
16.595,0.002075
16.5975,0.002075
16.6,0.002075
16.6025,0.002075
16.605,0.002075
16.6075,0.002075
16.61,0.002075
16.6125,0.002075
16.615,0.002075
16.6175,0.002075
16.62,0.002075
16.6225,0.002075
16.625,0.002075
16.6275,0.002075
16.63,0.002075
16.6325,0.002075
16.635,0.002075
16.6375,0.002075
16.64,0.002075
16.6425,0.002075
16.645,0.002075
16.6475,0.002075
16.65,0.002075
16.6525,0.002075
16.655,0.002075
16.6575,0.002075
16.66,0.002075
16.6625,0.002075
16.665,0.002075
16.6675,0.002075
16.67,0.002075
16.6725,0.002075
16.675,0.002075
16.6775,0.002075
16.68,0.002075
16.6825,0.002075
16.685,0.002075
16.6875,0.002075
16.69,0.002075
16.6925,0.002075
16.695,0.002075
16.6975,0.002075
16.7,0.002075
16.7025,0.002075
16.705,0.002075
16.7075,0.002075
16.71,0.002075
16.7125,0.002075
16.715,0.002075
16.7175,0.002075
16.72,0.002075
16.7225,0.002075
16.725,0.002075
16.7275,0.002075
16.73,0.002075
16.7325,0.002075
16.735,0.002075
16.7375,0.002075
16.74,0.002075
16.7425,0.002075
16.745,0.002075
16.7475,0.002075
16.75,0.002075
16.7525,0.002075
16.755,0.002075
16.7575,0.002075
16.76,0.002075
16.7625,0.002075
16.765,0.002075
16.7675,0.002075
16.77,0.002075
16.7725,0.002075
16.775,0.002075
16.7775,0.002075
16.78,0.002075
16.7825,0.002075
16.785,0.002075
16.7875,0.002075
16.79,0.002075
16.7925,0.002075
16.795,0.002075
16.7975,0.002075
16.8,0.002075
16.8025,0.002075
16.805,0.002075
16.8075,0.002075
16.81,0.002075
16.8125,0.002075
16.815,0.002075
16.8175,0.002075
16.82,0.002075
16.8225,0.002075
16.825,0.002075
16.8275,0.002075
16.83,0.002075
16.8325,0.002075
16.835,0.002075
16.8375,0.002075
16.84,0.002075
16.8425,0.002075
16.845,0.002075
16.8475,0.002075
16.85,0.002075
16.8525,0.002075
16.855,0.002075
16.8575,0.002075
16.86,0.002075
16.8625,0.002075
16.865,0.002075
16.8675,0.002075
16.87,0.002075
16.8725,0.002075
16.875,0.002075
16.8775,0.002075
16.88,0.002075
16.8825,0.002075
16.885,0.002075
16.8875,0.002075
16.89,0.002075
16.8925,0.002075
16.895,0.002075
16.8975,0.002075
16.9,0.002075
16.9025,0.002075
16.905,0.002075
16.9075,0.002075
16.91,0.002075
16.9125,0.002075
16.915,0.002075
16.9175,0.002075
16.92,0.002075
16.9225,0.002075
16.925,0.002075
16.9275,0.002075
16.93,0.002075
16.9325,0.002075
16.935,0.002075
16.9375,0.002075
16.94,0.002075
16.9425,0.002075
16.945,0.002075
16.9475,0.002075
16.95,0.002075
16.9525,0.002075
16.955,0.002075
16.9575,0.002075
16.96,0.002075
16.9625,0.002075
16.965,0.002075
16.9675,0.002075
16.97,0.002075
16.9725,0.002075
16.975,0.002075
16.9775,0.002075
16.98,0.002075
16.9825,0.002075
16.985,0.002075
16.9875,0.002075
16.99,0.002075
16.9925,0.002075
16.995,0.002075
16.9975,0.002075
17,0.002075
17.0025,0.002075
17.005,0.002075
17.0075,0.002075
17.01,0.002075
17.0125,0.002075
17.015,0.002075
17.0175,0.002075
17.02,0.002075
17.0225,0.002075
17.025,0.002075
17.0275,0.002075
17.03,0.002075
17.0325,0.002075
17.035,0.002075
17.0375,0.002075
17.04,0.002075
17.0425,0.002075
17.045,0.002075
17.0475,0.002075
17.05,0.002075
17.0525,0.002075
17.055,0.002075
17.0575,0.002075
17.06,0.002075
17.0625,0.002075
17.065,0.002075
17.0675,0.002075
17.07,0.002075
17.0725,0.002075
17.075,0.002075
17.0775,0.002075
17.08,0.002075
17.0825,0.002075
17.085,0.002075
17.0875,0.002075
17.09,0.002075
17.0925,0.002075
17.095,0.002075
17.0975,0.002075
17.1,0.002075
17.1025,0.002075
17.105,0.002075
17.1075,0.002075
17.11,0.002075
17.1125,0.002075
17.115,0.002075
17.1175,0.002075
17.12,0.002075
17.1225,0.002075
17.125,0.002075
17.1275,0.002075
17.13,0.002075
17.1325,0.002075
17.135,0.002075
17.1375,0.002075
17.14,0.002075
17.1425,0.002075
17.145,0.002125
17.1475,0.002125
17.15,0.002125
17.1525,0.002125
17.155,0.002125
17.1575,0.002125
17.16,0.002125
17.1625,0.002125
17.165,0.002125
17.1675,0.002125
17.17,0.002125
17.1725,0.002125
17.175,0.002125
17.1775,0.002125
17.18,0.002125
17.1825,0.002125
17.185,0.002125
17.1875,0.002125
17.19,0.002125
17.1925,0.002125
17.195,0.002125
17.1975,0.002125
17.2,0.002125
17.2025,0.002125
17.205,0.002125
17.2075,0.002125
17.21,0.002125
17.2125,0.002125
17.215,0.002125
17.2175,0.002125
17.22,0.002125
17.2225,0.002125
17.225,0.002125
17.2275,0.002125
17.23,0.002125
17.2325,0.002125
17.235,0.002125
17.2375,0.002125
17.24,0.002125
17.2425,0.002125
17.245,0.002125
17.2475,0.002125
17.25,0.002125
17.2525,0.002125
17.255,0.002125
17.2575,0.002125
17.26,0.002125
17.2625,0.002125
17.265,0.002125
17.2675,0.002125
17.27,0.002125
17.2725,0.002125
17.275,0.002125
17.2775,0.002125
17.28,0.002125
17.2825,0.002125
17.285,0.002125
17.2875,0.002125
17.29,0.002125
17.2925,0.002125
17.295,0.002125
17.2975,0.002125
17.3,0.002125
17.3025,0.002125
17.305,0.002125
17.3075,0.002125
17.31,0.002125
17.3125,0.002125
17.315,0.002125
17.3175,0.002125
17.32,0.002125
17.3225,0.002125
17.325,0.002125
17.3275,0.002125
17.33,0.002125
17.3325,0.002125
17.335,0.002125
17.3375,0.002125
17.34,0.002125
17.3425,0.002125
17.345,0.002125
17.3475,0.002125
17.35,0.002125
17.3525,0.002125
17.355,0.002125
17.3575,0.002125
17.36,0.002125
17.3625,0.002125
17.365,0.002125
17.3675,0.002125
17.37,0.002125
17.3725,0.002125
17.375,0.002125
17.3775,0.002125
17.38,0.002125
17.3825,0.002125
17.385,0.002125
17.3875,0.002125
17.39,0.002125
17.3925,0.002125
17.395,0.002125
17.3975,0.002125
17.4,0.002125
17.4025,0.002125
17.405,0.002125
17.4075,0.002125
17.41,0.002125
17.4125,0.002125
17.415,0.002125
17.4175,0.002125
17.42,0.002125
17.4225,0.002125
17.425,0.002125
17.4275,0.002125
17.43,0.002125
17.4325,0.002125
17.435,0.002125
17.4375,0.002125
17.44,0.002125
17.4425,0.002125
17.445,0.002125
17.4475,0.002125
17.45,0.002125
17.4525,0.002125
17.455,0.002125
17.4575,0.002125
17.46,0.002125
17.4625,0.002125
17.465,0.002125
17.4675,0.002125
17.47,0.002125
17.4725,0.002125
17.475,0.002125
17.4775,0.002125
17.48,0.002125
17.4825,0.002125
17.485,0.002125
17.4875,0.002125
17.49,0.002125
17.4925,0.002125
17.495,0.002125
17.4975,0.002125
17.5,0.002125
17.5025,0.002125
17.505,0.002125
17.5075,0.002125
17.51,0.002125
17.5125,0.002125
17.515,0.002125
17.5175,0.002125
17.52,0.002125
17.5225,0.002125
17.525,0.002125
17.5275,0.002125
17.53,0.002125
17.5325,0.002125
17.535,0.002125
17.5375,0.002125
17.54,0.002125
17.5425,0.002125
17.545,0.002125
17.5475,0.002125
17.55,0.002125
17.5525,0.002125
17.555,0.002125
17.5575,0.002125
17.56,0.002125
17.5625,0.002125
17.565,0.002125
17.5675,0.002125
17.57,0.002125
17.5725,0.002125
17.575,0.002125
17.5775,0.002125
17.58,0.002125
17.5825,0.002125
17.585,0.002125
17.5875,0.002125
17.59,0.002125
17.5925,0.002125
17.595,0.002125
17.5975,0.002125
17.6,0.002125
17.6025,0.002125
17.605,0.002125
17.6075,0.002125
17.61,0.002125
17.6125,0.002125
17.615,0.002125
17.6175,0.002125
17.62,0.002125
17.6225,0.002125
17.625,0.002125
17.6275,0.002125
17.63,0.002125
17.6325,0.002125
17.635,0.002125
17.6375,0.002125
17.64,0.002125
17.6425,0.002125
17.645,0.002125
17.6475,0.002125
17.65,0.002125
17.6525,0.002125
17.655,0.002125
17.6575,0.002125
17.66,0.002125
17.6625,0.002125
17.665,0.002125
17.6675,0.002125
17.67,0.002125
17.6725,0.002125
17.675,0.002125
17.6775,0.002125
17.68,0.002125
17.6825,0.002125
17.685,0.002125
17.6875,0.002125
17.69,0.002125
17.6925,0.002125
17.695,0.002125
17.6975,0.002125
17.7,0.002125
17.7025,0.002125
17.705,0.002125
17.7075,0.002125
17.71,0.002125
17.7125,0.002125
17.715,0.002125
17.7175,0.002125
17.72,0.002125
17.7225,0.002125
17.725,0.002125
17.7275,0.002125
17.73,0.002125
17.7325,0.002125
17.735,0.002125
17.7375,0.002125
17.74,0.002125
17.7425,0.002125
17.745,0.002125
17.7475,0.002125
17.75,0.002125
17.7525,0.002125
17.755,0.002125
17.7575,0.002125
17.76,0.002125
17.7625,0.002125
17.765,0.002125
17.7675,0.002125
17.77,0.002125
17.7725,0.002125
17.775,0.002125
17.7775,0.002125
17.78,0.002125
17.7825,0.002125
17.785,0.002125
17.7875,0.002125
17.79,0.002125
17.7925,0.002125
17.795,0.002125
17.7975,0.002125
17.8,0.002125
17.8025,0.002125
17.805,0.002125
17.8075,0.002125
17.81,0.002125
17.8125,0.002125
17.815,0.002125
17.8175,0.002125
17.82,0.002125
17.8225,0.002125
17.825,0.002125
17.8275,0.002125
17.83,0.002125
17.8325,0.002125
17.835,0.002125
17.8375,0.002125
17.84,0.002125
17.8425,0.002125
17.845,0.002125
17.8475,0.002125
17.85,0.002125
17.8525,0.002125
17.855,0.002125
17.8575,0.002125
17.86,0.002125
17.8625,0.002125
17.865,0.002125
17.8675,0.002125
17.87,0.002125
17.8725,0.002125
17.875,0.002125
17.8775,0.002125
17.88,0.002125
17.8825,0.002125
17.885,0.002125
17.8875,0.002125
17.89,0.002125
17.8925,0.002125
17.895,0.002125
17.8975,0.002125
17.9,0.002125
17.9025,0.002125
17.905,0.002125
17.9075,0.002125
17.91,0.002125
17.9125,0.002125
17.915,0.002125
17.9175,0.002125
17.92,0.002125
17.9225,0.002125
17.925,0.002125
17.9275,0.002125
17.93,0.002125
17.9325,0.002125
17.935,0.002125
17.9375,0.002125
17.94,0.002125
17.9425,0.002125
17.945,0.002125
17.9475,0.002125
17.95,0.002125
17.9525,0.002125
17.955,0.002125
17.9575,0.002125
17.96,0.002125
17.9625,0.002125
17.965,0.002125
17.9675,0.002125
17.97,0.002125
17.9725,0.002125
17.975,0.002125
17.9775,0.002125
17.98,0.002125
17.9825,0.002125
17.985,0.002125
17.9875,0.002125
17.99,0.002125
17.9925,0.002125
17.995,0.002125
17.9975,0.002125
18,0.002125
18.0025,0.002125
18.005,0.002125
18.0075,0.002125
18.01,0.002125
18.0125,0.002125
18.015,0.002125
18.0175,0.002125
18.02,0.002125
18.0225,0.002125
18.025,0.002125
18.0275,0.002125
18.03,0.002125
18.0325,0.002125
18.035,0.002125
18.0375,0.002125
18.04,0.002125
18.0425,0.002125
18.045,0.002125
18.0475,0.002125
18.05,0.002125
18.0525,0.002175
18.055,0.002175
18.0575,0.002175
18.06,0.002175
18.0625,0.002175
18.065,0.002175
18.0675,0.002175
18.07,0.002175
18.0725,0.002175
18.075,0.002175
18.0775,0.002175
18.08,0.002175
18.0825,0.002175
18.085,0.002175
18.0875,0.002175
18.09,0.002175
18.0925,0.002175
18.095,0.002175
18.0975,0.002175
18.1,0.002175
18.1025,0.002175
18.105,0.002175
18.1075,0.002175
18.11,0.002125
18.1125,0.002125
18.115,0.002125
18.1175,0.002125
18.12,0.002125
18.1225,0.002125
18.125,0.002125
18.1275,0.002125
18.13,0.002125
18.1325,0.002125
18.135,0.002125
18.1375,0.002125
18.14,0.002125
18.1425,0.002125
18.145,0.002125
18.1475,0.002125
18.15,0.002125
18.1525,0.002125
18.155,0.002125
18.1575,0.002125
18.16,0.002125
18.1625,0.002125
18.165,0.002125
18.1675,0.002125
18.17,0.002125
18.1725,0.002125
18.175,0.002125
18.1775,0.002125
18.18,0.002125
18.1825,0.002125
18.185,0.002125
18.1875,0.002125
18.19,0.002125
18.1925,0.002125
18.195,0.002125
18.1975,0.002125
18.2,0.002125
18.2025,0.002125
18.205,0.002125
18.2075,0.002125
18.21,0.002125
18.2125,0.002125
18.215,0.002125
18.2175,0.000675
18.22,0.000725
18.2225,0.000725
18.225,0.000725
18.2275,0.000725
18.23,0.000725
18.2325,0.000725
18.235,0.000725
18.2375,0.000725
18.24,0.000725
18.2425,0.000725
18.245,0.000725
18.2475,0.000725
18.25,0.000725
18.2525,0.000725
18.255,0.000725
18.2575,0.000725
18.26,0.000725
18.2625,0.000725
18.265,0.000725
18.2675,0.000725
18.27,0.000725
18.2725,0.000725
18.275,0.000725
18.2775,0.000725
18.28,0.000725
18.2825,0.000725
18.285,0.000725
18.2875,0.000775
18.29,0.000775
18.2925,0.000775
18.295,0.000775
18.2975,0.000775
18.3,0.000775
18.3025,0.000775
18.305,0.000775
18.3075,0.000775
18.31,0.000775
18.3125,0.000775
18.315,0.000775
18.3175,0.000775
18.32,0.000775
18.3225,0.000775
18.325,0.000775
18.3275,0.000775
18.33,0.000775
18.3325,0.000775
18.335,0.000775
18.3375,0.000775
18.34,0.000775
18.3425,0.000775
18.345,0.000775
18.3475,0.000775
18.35,0.000775
18.3525,0.000775
18.355,0.000775
18.3575,0.000775
18.36,0.000775
18.3625,0.000775
18.365,0.000775
18.3675,0.000775
18.37,0.000775
18.3725,0.000775
18.375,0.000775
18.3775,0.000775
18.38,0.000775
18.3825,0.000775
18.385,0.000775
18.3875,0.000775
18.39,0.000775
18.3925,0.000775
18.395,0.000775
18.3975,0.000775
18.4,0.000775
18.4025,0.000775
18.405,0.000775
18.4075,0.000775
18.41,0.000775
18.4125,0.000775
18.415,0.000775
18.4175,0.000775
18.42,0.000775
18.4225,0.000775
18.425,0.000775
18.4275,0.002175
18.43,0.002175
18.4325,0.002175
18.435,0.002175
18.4375,0.002175
18.44,0.002175
18.4425,0.002175
18.445,0.002175
18.4475,0.002175
18.45,0.002175
18.4525,0.002175
18.455,0.002175
18.4575,0.002175
18.46,0.002175
18.4625,0.002175
18.465,0.002175
18.4675,0.002175
18.47,0.002175
18.4725,0.002175
18.475,0.002175
18.4775,0.002175
18.48,0.002175
18.4825,0.002175
18.485,0.002175
18.4875,0.002175
18.49,0.002175
18.4925,0.002175
18.495,0.002175
18.4975,0.002175
18.5,0.002175
18.5025,0.002175
18.505,0.002175
18.5075,0.002175
18.51,0.002175
18.5125,0.002175
18.515,0.002175
18.5175,0.002175
18.52,0.002175
18.5225,0.002175
18.525,0.002175
18.5275,0.002175
18.53,0.002175
18.5325,0.002175
18.535,0.002175
18.5375,0.002175
18.54,0.002175
18.5425,0.002175
18.545,0.002175
18.5475,0.002175
18.55,0.002175
18.5525,0.002175
18.555,0.002175
18.5575,0.002175
18.56,0.002175
18.5625,0.002175
18.565,0.002175
18.5675,0.002175
18.57,0.002175
18.5725,0.002175
18.575,0.002175
18.5775,0.002175
18.58,0.002175
18.5825,0.002175
18.585,0.002175
18.5875,0.002175
18.59,0.002175
18.5925,0.002175
18.595,0.002175
18.5975,0.002175
18.6,0.002175
18.6025,0.002175
18.605,0.002175
18.6075,0.002175
18.61,0.002175
18.6125,0.002175
18.615,0.002175
18.6175,0.002175
18.62,0.002175
18.6225,0.002175
18.625,0.002175
18.6275,0.002175
18.63,0.002175
18.6325,0.002175
18.635,0.002175
18.6375,0.002175
18.64,0.002175
18.6425,0.002175
18.645,0.002175
18.6475,0.002175
18.65,0.002175
18.6525,0.002175
18.655,0.002175
18.6575,0.002175
18.66,0.002175
18.6625,0.002175
18.665,0.002175
18.6675,0.002175
18.67,0.002175
18.6725,0.002175
18.675,0.002175
18.6775,0.002175
18.68,0.002175
18.6825,0.002175
18.685,0.002175
18.6875,0.002175
18.69,0.002175
18.6925,0.002175
18.695,0.002175
18.6975,0.002175
18.7,0.002175
18.7025,0.002175
18.705,0.002175
18.7075,0.002175
18.71,0.002175
18.7125,0.002175
18.715,0.002175
18.7175,0.002175
18.72,0.002175
18.7225,0.002175
18.725,0.002175
18.7275,0.002175
18.73,0.002175
18.7325,0.002175
18.735,0.002175
18.7375,0.002175
18.74,0.002175
18.7425,0.002175
18.745,0.002175
18.7475,0.002175
18.75,0.002175
18.7525,0.002175
18.755,0.002175
18.7575,0.002175
18.76,0.002175
18.7625,0.002175
18.765,0.002175
18.7675,0.002175
18.77,0.002175
18.7725,0.002175
18.775,0.002175
18.7775,0.002175
18.78,0.002175
18.7825,0.002175
18.785,0.002175
18.7875,0.002175
18.79,0.002175
18.7925,0.002175
18.795,0.002175
18.7975,0.002175
18.8,0.002175
18.8025,0.002175
18.805,0.002175
18.8075,0.002175
18.81,0.002175
18.8125,0.002175
18.815,0.002175
18.8175,0.002175
18.82,0.002175
18.8225,0.002175
18.825,0.002175
18.8275,0.002175
18.83,0.002175
18.8325,0.002175
18.835,0.002175
18.8375,0.002175
18.84,0.002175
18.8425,0.002175
18.845,0.002175
18.8475,0.002175
18.85,0.002175
18.8525,0.002175
18.855,0.002175
18.8575,0.002175
18.86,0.002175
18.8625,0.002175
18.865,0.002175
18.8675,0.002175
18.87,0.002175
18.8725,0.002175
18.875,0.002175
18.8775,0.002175
18.88,0.002175
18.8825,0.002175
18.885,0.002175
18.8875,0.002175
18.89,0.002175
18.8925,0.002175
18.895,0.002175
18.8975,0.002175
18.9,0.002175
18.9025,0.002175
18.905,0.002175
18.9075,0.002175
18.91,0.002175
18.9125,0.002175
18.915,0.002175
18.9175,0.002175
18.92,0.002175
18.9225,0.002175
18.925,0.002175
18.9275,0.002175
18.93,0.002175
18.9325,0.002175
18.935,0.002175
18.9375,0.002175
18.94,0.002175
18.9425,0.002175
18.945,0.002175
18.9475,0.002175
18.95,0.002175
18.9525,0.002175
18.955,0.002175
18.9575,0.002175
18.96,0.002175
18.9625,0.002175
18.965,0.002175
18.9675,0.002175
18.97,0.002175
18.9725,0.002175
18.975,0.002175
18.9775,0.002175
18.98,0.002175
18.9825,0.002175
18.985,0.002175
18.9875,0.002175
18.99,0.002175
18.9925,0.002175
18.995,0.002175
18.9975,0.002175
19,0.002175
19.0025,0.002175
19.005,0.002175
19.0075,0.002175
19.01,0.002175
19.0125,0.002175
19.015,0.002175
19.0175,0.002175
19.02,0.002175
19.0225,0.002175
19.025,0.002175
19.0275,0.002175
19.03,0.002175
19.0325,0.002175
19.035,0.002175
19.0375,0.002175
19.04,0.002175
19.0425,0.002175
19.045,0.002175
19.0475,0.002175
19.05,0.002175
19.0525,0.002175
19.055,0.002175
19.0575,0.002175
19.06,0.002175
19.0625,0.002175
19.065,0.002175
19.0675,0.002175
19.07,0.002175
19.0725,0.002175
19.075,0.002175
19.0775,0.002175
19.08,0.002175
19.0825,0.002175
19.085,0.002175
19.0875,0.002175
19.09,0.002175
19.0925,0.002175
19.095,0.002175
19.0975,0.002175
19.1,0.002175
19.1025,0.002175
19.105,0.002175
19.1075,0.002175
19.11,0.002175
19.1125,0.002175
19.115,0.002175
19.1175,0.002175
19.12,0.002175
19.1225,0.002175
19.125,0.002175
19.1275,0.002175
19.13,0.002175
19.1325,0.002175
19.135,0.002175
19.1375,0.002175
19.14,0.002175
19.1425,0.002175
19.145,0.002175
19.1475,0.002175
19.15,0.002175
19.1525,0.002175
19.155,0.002175
19.1575,0.002175
19.16,0.002175
19.1625,0.002175
19.165,0.002175
19.1675,0.002175
19.17,0.002175
19.1725,0.002175
19.175,0.002175
19.1775,0.002175
19.18,0.002175
19.1825,0.002175
19.185,0.002175
19.1875,0.002175
19.19,0.002175
19.1925,0.002175
19.195,0.002175
19.1975,0.002175
19.2,0.002175
19.2025,0.002175
19.205,0.002175
19.2075,0.002175
19.21,0.002175
19.2125,0.002175
19.215,0.002175
19.2175,0.002175
19.22,0.002175
19.2225,0.002175
19.225,0.002175
19.2275,0.002175
19.23,0.002175
19.2325,0.002175
19.235,0.002175
19.2375,0.002175
19.24,0.002175
19.2425,0.002175
19.245,0.002175
19.2475,0.002175
19.25,0.002175
19.2525,0.002175
19.255,0.002175
19.2575,0.002175
19.26,0.002175
19.2625,0.002175
19.265,0.002175
19.2675,0.002175
19.27,0.002175
19.2725,0.002175
19.275,0.002175
19.2775,0.002175
19.28,0.002175
19.2825,0.002175
19.285,0.002175
19.2875,0.002175
19.29,0.002175
19.2925,0.002175
19.295,0.002175
19.2975,0.002175
19.3,0.002175
19.3025,0.002175
19.305,0.002175
19.3075,0.002175
19.31,0.002175
19.3125,0.002175
19.315,0.002175
19.3175,0.002175
19.32,0.002175
19.3225,0.002175
19.325,0.002175
19.3275,0.002175
19.33,0.002175
19.3325,0.002175
19.335,0.002175
19.3375,0.002175
19.34,0.002175
19.3425,0.002175
19.345,0.002175
19.3475,0.002175
19.35,0.002175
19.3525,0.002175
19.355,0.002175
19.3575,0.002175
19.36,0.002175
19.3625,0.002175
19.365,0.002175
19.3675,0.002175
19.37,0.002175
19.3725,0.002175
19.375,0.002175
19.3775,0.002175
19.38,0.002175
19.3825,0.002175
19.385,0.002175
19.3875,0.002175
19.39,0.002175
19.3925,0.002175
19.395,0.002175
19.3975,0.002175
19.4,0.002175
19.4025,0.002175
19.405,0.002175
19.4075,0.002175
19.41,0.002175
19.4125,0.002175
19.415,0.002175
19.4175,0.002175
19.42,0.002175
19.4225,0.002175
19.425,0.002175
19.4275,0.002175
19.43,0.002175
19.4325,0.002175
19.435,0.002175
19.4375,0.002175
19.44,0.002175
19.4425,0.002175
19.445,0.002175
19.4475,0.002175
19.45,0.002175
19.4525,0.002175
19.455,0.002175
19.4575,0.002175
19.46,0.002175
19.4625,0.002175
19.465,0.002175
19.4675,0.002175
19.47,0.002175
19.4725,0.002175
19.475,0.002175
19.4775,0.002175
19.48,0.002175
19.4825,0.002175
19.485,0.002175
19.4875,0.002175
19.49,0.002175
19.4925,0.002175
19.495,0.002175
19.4975,0.002175
19.5,0.002175
19.5025,0.002175
19.505,0.002175
19.5075,0.002175
19.51,0.002175
19.5125,0.002175
19.515,0.002175
19.5175,0.002175
19.52,0.002175
19.5225,0.002175
19.525,0.002175
19.5275,0.002175
19.53,0.002175
19.5325,0.002175
19.535,0.002175
19.5375,0.002175
19.54,0.002175
19.5425,0.002175
19.545,0.002175
19.5475,0.002175
19.55,0.002175
19.5525,0.002175
19.555,0.002175
19.5575,0.002175
19.56,0.002175
19.5625,0.002175
19.565,0.002175
19.5675,0.002175
19.57,0.002175
19.5725,0.002175
19.575,0.002175
19.5775,0.002175
19.58,0.002175
19.5825,0.002175
19.585,0.002175
19.5875,0.002175
19.59,0.002175
19.5925,0.002175
19.595,0.002175
19.5975,0.002175
19.6,0.002175
19.6025,0.002175
19.605,0.002175
19.6075,0.002175
19.61,0.002175
19.6125,0.002175
19.615,0.002175
19.6175,0.002175
19.62,0.002175
19.6225,0.002175
19.625,0.002175
19.6275,0.002175
19.63,0.002175
19.6325,0.002175
19.635,0.002175
19.6375,0.002175
19.64,0.002175
19.6425,0.002175
19.645,0.002175
19.6475,0.002175
19.65,0.002175
19.6525,0.002175
19.655,0.002175
19.6575,0.002175
19.66,0.002175
19.6625,0.002175
19.665,0.002175
19.6675,0.002175
19.67,0.002175
19.6725,0.002175
19.675,0.002175
19.6775,0.002175
19.68,0.002175
19.6825,0.002175
19.685,0.002175
19.6875,0.002175
19.69,0.002175
19.6925,0.002175
19.695,0.002175
19.6975,0.002175
19.7,0.002175
19.7025,0.002175
19.705,0.002175
19.7075,0.002175
19.71,0.002175
19.7125,0.002175
19.715,0.002175
19.7175,0.002175
19.72,0.002175
19.7225,0.002175
19.725,0.002175
19.7275,0.002175
19.73,0.002175
19.7325,0.002175
19.735,0.002175
19.7375,0.002175
19.74,0.002175
19.7425,0.002175
19.745,0.002175
19.7475,0.002175
19.75,0.002175
19.7525,0.002175
19.755,0.002175
19.7575,0.002175
19.76,0.002175
19.7625,0.002175
19.765,0.002175
19.7675,0.002175
19.77,0.002175
19.7725,0.002175
19.775,0.002175
19.7775,0.002175
19.78,0.002175
19.7825,0.002175
19.785,0.002175
19.7875,0.002175
19.79,0.002175
19.7925,0.002175
19.795,0.002175
19.7975,0.002175
19.8,0.002175
19.8025,0.002175
19.805,0.002175
19.8075,0.002175
19.81,0.002175
19.8125,0.002175
19.815,0.002175
19.8175,0.002175
19.82,0.002175
19.8225,0.002175
19.825,0.002175
19.8275,0.002175
19.83,0.002175
19.8325,0.002175
19.835,0.002175
19.8375,0.002175
19.84,0.002175
19.8425,0.002175
19.845,0.002175
19.8475,0.002175
19.85,0.002175
19.8525,0.002175
19.855,0.002175
19.8575,0.002175
19.86,0.002175
19.8625,0.002175
19.865,0.002175
19.8675,0.002175
19.87,0.002175
0.0025,7.5e-05
0.005,7.5e-05
0.0075,7.5e-05
0.01,7.5e-05
0.0125,7.5e-05
0.015,0.000125
0.0175,0.000125
0.02,0.000125
0.0225,0.000125
0.025,0.000125
0.0275,0.000125
0.03,0.000125
0.0325,0.000125
0.035,0.000125
0.0375,0.000125
0.04,0.000125
0.0425,0.000125
0.045,0.000125
0.0475,0.000125
0.05,0.000175
0.0525,0.000175
0.055,0.000175
0.0575,0.000175
0.06,0.000175
0.0625,0.000175
0.065,0.000175
0.0675,0.000175
0.07,0.000175
0.0025,0.001475
0.005,0.001475
0.0075,0.001475
0.01,0.001475
0.0125,0.001475
0.015,0.001475
0.0175,0.001475
0.02,0.001525
0.0225,0.001525
0.025,0.001525
0.0275,0.001525
0.03,0.001525
0.0325,0.001525
0.035,0.001525
0.0375,0.001525
0.04,0.001525
0.0425,0.001525
0.045,0.001525
0.0475,0.001525
0.05,0.001525
0.0525,0.001525
0.055,0.001525
0.0575,0.001525
0.06,0.001525
0.0625,0.001525
0.065,0.001525
0.0675,0.001525
0.07,0.001525
0.0725,0.001525
0.075,0.001525
0.0775,0.001525
0.08,0.001525
0.0825,0.001525
0.085,0.001525
0.0875,0.001525
0.09,0.001525
0.0925,0.001525
0.095,0.001525
0.0975,0.001525
0.1,0.001525
0.2575,0.001775
0.26,0.001775
0.2625,0.001775
0.265,0.001775
0.2675,0.001775
0.27,0.001775
0.2725,0.001775
0.275,0.001775
0.2775,0.001775
0.28,0.001775
0.2825,0.001775
0.285,0.001775
0.2875,0.001775
0.29,0.001775
0.2925,0.001775
0.295,0.001775
0.2975,0.001775
0.3,0.001775
0.3025,0.001775
0.305,0.001775
0.3075,0.001775
0.31,0.001775
0.3125,0.001775
0.315,0.001775
0.3175,0.001775
0.32,0.001775
0.3225,0.001775
0.325,0.001775
0.3275,0.001775
0.33,0.001775
0.3325,0.001775
0.335,0.001775
0.3375,0.001775
0.34,0.001775
0.3425,0.001775
0.345,0.001775
0.3475,0.001775
0.35,0.001775
0.3525,0.001775
0.355,0.001775
0.3575,0.001775
0.36,0.001775
0.3625,0.001775
0.365,0.001775
0.3675,0.001775
0.37,0.001775
0.3725,0.001775
0.375,0.001775
0.3775,0.001775
0.38,0.001775
0.3825,0.001775
0.385,0.001775
0.3875,0.001775
0.39,0.001775
0.3925,0.001775
0.395,0.001775
0.3975,0.001775
0.4,0.001775
0.4025,0.001775
0.405,0.001775
0.4075,0.001775
0.41,0.001775
0.4125,0.001775
0.415,0.001775
0.4175,0.001775
0.42,0.001775
0.4225,0.001775
0.425,0.001775
0.4275,0.001775
0.43,0.001775
0.4325,0.001775
0.435,0.001775
0.4375,0.001775
0.44,0.001775
0.4425,0.001775
0.445,0.001775
0.4475,0.001775
0.45,0.001775
0.4525,0.001775
0.455,0.001775
0.4575,0.001775
0.46,0.001775
0.4625,0.001775
0.465,0.001775
0.4675,0.001775
0.47,0.001775
0.4725,0.001775
0.475,0.001775
0.4775,0.001775
0.48,0.001775
0.4825,0.001775
0.485,0.001775
0.4875,0.001775
0.49,0.001775
0.4925,0.001775
0.495,0.001775
0.4975,0.001775
0.5,0.001775
0.5025,0.001775
0.505,0.001775
0.5075,0.001775
0.51,0.001775
0.5125,0.001775
0.515,0.001775
0.5175,0.001775
0.52,0.001775
0.5225,0.001775
0.525,0.001775
0.5275,0.001775
0.53,0.001775
0.5325,0.001775
0.535,0.001775
0.5375,0.001775
0.54,0.001775
0.5425,0.001775
0.545,0.001775
0.5475,0.001775
0.55,0.001775
0.5525,0.001775
0.555,0.001775
0.5575,0.001775
0.56,0.001775
0.5625,0.001775
0.565,0.001775
0.5675,0.001775
0.57,0.001775
0.5725,0.001775
0.575,0.001775
0.5775,0.001775
0.58,0.001775
0.5825,0.001775
0.585,0.001775
0.5875,0.001775
0.59,0.001775
0.5925,0.001775
0.595,0.001775
0.5975,0.001775
0.6,0.001775
0.6025,0.001775
0.605,0.001775
0.6075,0.001775
0.61,0.001775
0.6125,0.001775
0.615,0.001775
0.6175,0.001775
0.62,0.001775
0.6225,0.001775
0.625,0.001775
0.6275,0.001775
0.63,0.001775
0.6325,0.001775
0.635,0.001775
0.6375,0.001775
0.64,0.001775
0.6425,0.001775
0.645,0.001775
0.6475,0.001775
0.65,0.001775
0.6525,0.001775
0.655,0.001775
0.6575,0.001775
0.66,0.001775
0.6625,0.001775
0.665,0.001775
0.6675,0.001775
0.67,0.001775
0.6725,0.001775
0.675,0.001775
0.6775,0.001775
0.68,0.001775
0.6825,0.001775
0.685,0.001775
0.6875,0.001775
0.69,0.001775
0.6925,0.001775
0.695,0.001775
0.6975,0.001775
0.7,0.001775
0.7025,0.001775
0.705,0.001775
0.7075,0.001775
0.71,0.001775
0.7125,0.001775
0.715,0.001775
0.7175,0.001775
0.72,0.001775
0.7225,0.001775
0.725,0.001775
0.7275,0.001775
0.73,0.001775
0.7325,0.001775
0.735,0.001775
0.7375,0.001775
0.74,0.001775
0.7425,0.001775
0.745,0.001775
0.7475,0.001775
0.75,0.001775
0.7525,0.001775
0.755,0.001775
0.7575,0.001775
0.76,0.001775
0.7625,0.001775
0.765,0.001775
0.7675,0.001775
0.77,0.001775
0.7725,0.001775
0.775,0.001775
0.7775,0.001775
0.78,0.001775
0.7825,0.001775
0.785,0.001775
0.7875,0.001775
0.79,0.001775
0.7925,0.001775
0.795,0.001775
0.7975,0.001775
0.8,0.001775
0.8025,0.001775
0.805,0.001775
0.8075,0.001775
0.81,0.001775
0.8125,0.001775
0.815,0.001775
0.8175,0.001775
0.82,0.001775
0.8225,0.001775
0.825,0.001775
0.8275,0.001775
0.83,0.001775
0.8325,0.001775
0.835,0.001775
0.8375,0.001775
0.84,0.001775
0.8425,0.001775
0.845,0.001775
0.8475,0.001775
0.85,0.001775
0.8525,0.001775
0.855,0.001775
0.8575,0.001775
0.86,0.001775
0.8625,0.001775
0.865,0.001775
0.8675,0.001775
0.87,0.001775
0.8725,0.001775
0.875,0.001775
0.8775,0.001775
0.88,0.001775
0.8825,0.001775
0.885,0.001775
0.8875,0.001775
0.89,0.001775
0.8925,0.001775
0.895,0.001775
0.8975,0.001775
0.9,0.001775
0.9025,0.001775
0.905,0.001775
0.9075,0.001775
0.91,0.001775
0.9125,0.001775
0.915,0.001775
0.9175,0.001775
0.92,0.001775
0.9225,0.001775
0.925,0.001775
0.9275,0.001775
0.93,0.001775
0.9325,0.001775
0.935,0.001775
0.9375,0.001775
0.94,0.001775
0.9425,0.001775
0.945,0.001775
0.9475,0.001775
0.95,0.001775
0.9525,0.001775
0.955,0.001775
0.9575,0.001775
0.96,0.001775
0.9625,0.001775
0.965,0.001775
0.9675,0.001775
0.97,0.001775
0.9725,0.001775
0.975,0.001775
0.9775,0.001775
0.98,0.001775
0.9825,0.001775
0.985,0.001775
0.9875,0.001775
0.99,0.001775
0.9925,0.001775
0.995,0.001775
0.9975,0.001775
1,0.001775
1.0025,0.001775
1.005,0.001775
1.0075,0.001775
1.01,0.001775
1.0125,0.001775
1.015,0.001775
1.0175,0.001775
1.02,0.001775
1.0225,0.001775
1.025,0.001775
1.0275,0.001775
1.03,0.001775
1.0325,0.001775
1.035,0.001775
1.0375,0.001775
1.04,0.001775
1.0425,0.001775
1.045,0.001775
1.0475,0.001775
1.05,0.001775
1.0525,0.001775
1.055,0.001775
1.0575,0.001775
1.06,0.001775
1.0625,0.001775
1.065,0.001775
1.0675,0.001775
1.07,0.001775
1.0725,0.001775
1.075,0.001775
1.0775,0.001775
1.08,0.001775
1.0825,0.001775
1.085,0.001775
1.0875,0.001775
1.09,0.001775
1.0925,0.001775
1.095,0.001775
1.0975,0.001725
1.1,0.001725
1.1025,0.001725
1.105,0.001725
1.1075,0.001725
1.11,0.001725
1.1125,0.001725
1.115,0.001725
1.1175,0.001725
1.12,0.001725
1.1225,0.001725
1.125,0.001725
1.1275,0.001725
1.13,0.001725
1.1325,0.001725
1.135,0.001725
1.1375,0.001725
1.14,0.001725
1.1425,0.001725
1.145,0.001725
1.1475,0.001725
1.15,0.001725
1.1525,0.001725
1.155,0.001725
1.1575,0.001725
1.16,0.001725
1.1625,0.001725
1.165,0.001725
1.1675,0.001725
1.17,0.001725
1.1725,0.001725
1.175,0.001725
1.1775,0.001725
1.18,0.001725
1.1825,0.001725
1.185,0.001725
1.1875,0.001725
1.19,0.001725
1.1925,0.001725
1.195,0.001725
1.1975,0.001725
1.2,0.001725
1.2025,0.001725
1.205,0.001725
1.2075,0.001725
1.21,0.001725
1.2125,0.001725
1.215,0.001725
1.2175,0.001725
1.22,0.001725
1.2225,0.001725
1.225,0.001725
1.2275,0.001725
1.23,0.001725
1.2325,0.001725
1.235,0.001725
1.2375,0.001725
1.24,0.001725
1.2425,0.001725
1.245,0.001725
1.2475,0.001725
1.25,0.001725
1.2525,0.001725
1.255,0.001725
1.2575,0.001725
1.26,0.001725
1.2625,0.001725
1.265,0.001775
1.2675,0.001775
1.27,0.001775
1.2725,0.001775
1.275,0.001775
1.2775,0.001775
1.28,0.001775
1.2825,0.001775
1.285,0.001775
1.2875,0.001775
1.29,0.001775
1.2925,0.001775
1.295,0.001775
1.2975,0.001775
1.3,0.001775
1.3025,0.001775
1.305,0.001775
1.3075,0.001775
1.31,0.001775
1.3125,0.001775
1.315,0.001775
1.3175,0.001775
1.32,0.001775
1.3225,0.001775
1.325,0.001775
1.3275,0.001775
1.33,0.001775
1.3325,0.001775
1.335,0.001775
1.3375,0.001775
1.34,0.001775
1.3425,0.001775
1.345,0.001775
1.3475,0.001775
1.35,0.001775
1.3525,0.001775
1.355,0.001775
1.3575,0.001775
1.36,0.001775
1.3625,0.001775
1.365,0.001775
1.3675,0.001775
1.37,0.001775
1.3725,0.001775
1.375,0.001775
1.3775,0.001775
1.38,0.001775
1.3825,0.001775
1.385,0.001775
1.3875,0.001775
1.39,0.001775
1.3925,0.001775
1.395,0.001775
1.3975,0.001775
1.4,0.001775
1.4025,0.001775
1.405,0.001775
1.4075,0.001775
1.41,0.001775
1.4125,0.001775
1.415,0.001775
1.4175,0.001775
1.42,0.001775
1.4225,0.001775
1.425,0.001775
1.4275,0.001775
1.43,0.001775
1.4325,0.001775
1.435,0.001775
1.4375,0.001775
1.44,0.001775
1.4425,0.001775
1.445,0.001775
1.4475,0.001775
1.45,0.001775
1.4525,0.001775
1.455,0.001775
1.4575,0.001775
1.46,0.001775
1.4625,0.001775
1.465,0.001775
1.4675,0.001775
1.47,0.001775
1.4725,0.001775
1.475,0.001775
1.4775,0.001775
1.48,0.001775
1.4825,0.001775
1.485,0.001775
1.4875,0.001775
1.49,0.001775
1.4925,0.001775
1.495,0.001775
1.4975,0.001775
1.5,0.001775
1.5025,0.001775
1.505,0.001775
1.5075,0.001775
1.51,0.001775
1.5125,0.001775
1.515,0.001775
1.5175,0.001775
1.52,0.001775
1.5225,0.001775
1.525,0.001775
1.5275,0.001775
1.53,0.001775
1.5325,0.001775
1.535,0.001775
1.5375,0.001775
1.54,0.001775
1.5425,0.001775
1.545,0.001775
1.5475,0.001775
1.55,0.001775
1.5525,0.001775
1.555,0.001775
1.5575,0.001775
1.56,0.001775
1.5625,0.001775
1.565,0.001775
1.5675,0.001775
1.57,0.001775
1.5725,0.001775
1.575,0.001775
1.5775,0.001775
1.58,0.001775
1.5825,0.001775
1.585,0.001775
1.5875,0.001775
1.59,0.001775
1.5925,0.001775
1.595,0.001775
1.5975,0.001775
1.6,0.001775
1.6025,0.001775
1.605,0.001775
1.6075,0.001775
1.61,0.001775
1.6125,0.001775
1.615,0.001775
1.6175,0.001775
1.62,0.001775
1.6225,0.001775
1.625,0.001775
1.6275,0.001775
1.63,0.001775
1.6325,0.001775
1.635,0.001775
1.6375,0.001775
1.64,0.001775
1.6425,0.001775
1.645,0.001775
1.6475,0.001775
1.65,0.001775
1.6525,0.001775
1.655,0.001775
1.6575,0.001775
1.66,0.001775
1.6625,0.001775
1.665,0.001775
1.6675,0.001775
1.67,0.001775
1.6725,0.001775
1.675,0.001775
1.6775,0.001775
1.68,0.001775
1.6825,0.001775
1.685,0.001775
1.6875,0.001775
1.69,0.001775
1.6925,0.001775
1.695,0.001775
1.6975,0.001775
1.7,0.001775
1.7025,0.001775
1.705,0.001775
1.7075,0.001775
1.71,0.001775
1.7125,0.001775
1.715,0.001775
1.7175,0.001775
1.72,0.001775
1.7225,0.001775
1.725,0.001775
1.7275,0.001775
1.73,0.001775
1.7325,0.001775
1.735,0.001775
1.7375,0.001775
1.74,0.001775
1.7425,0.001775
1.745,0.001775
1.7475,0.001775
1.75,0.001775
1.7525,0.001775
1.755,0.001775
1.7575,0.001775
1.76,0.001775
1.7625,0.001775
1.765,0.001775
1.7675,0.001775
1.77,0.001775
1.7725,0.001775
1.775,0.001775
1.7775,0.001775
1.78,0.001775
1.7825,0.001775
1.785,0.001775
1.7875,0.001775
1.79,0.001775
1.7925,0.001775
1.795,0.001775
1.7975,0.001775
1.8,0.001775
1.8025,0.001775
1.805,0.001775
1.8075,0.001775
1.81,0.001775
1.8125,0.001775
1.815,0.001775
1.8175,0.001775
1.82,0.001775
1.8225,0.001775
1.825,0.001775
1.8275,0.001775
1.83,0.001775
1.8325,0.001775
1.835,0.001775
1.8375,0.001775
1.84,0.001775
1.8425,0.001775
1.845,0.001775
1.8475,0.001775
1.85,0.001775
1.8525,0.001775
1.855,0.001775
1.8575,0.001775
1.86,0.001775
1.8625,0.001775
1.865,0.001775
1.8675,0.001775
1.87,0.001775
1.8725,0.001775
1.875,0.001775
1.8775,0.001775
1.88,0.001775
1.8825,0.001775
1.885,0.001775
1.8875,0.001775
1.89,0.001775
1.8925,0.001775
1.895,0.001775
1.8975,0.001775
1.9,0.001775
1.9025,0.001775
1.905,0.001775
1.9075,0.001775
1.91,0.001775
1.9125,0.001775
1.915,0.001775
1.9175,0.001775
1.92,0.001775
1.9225,0.001775
1.925,0.001775
1.9275,0.001775
1.93,0.001775
1.9325,0.001775
1.935,0.001775
1.9375,0.001775
1.94,0.001775
1.9425,0.001775
1.945,0.001775
1.9475,0.001775
1.95,0.001775
1.9525,0.001775
1.955,0.001775
1.9575,0.001775
1.96,0.001775
1.9625,0.001775
1.965,0.001775
1.9675,0.001775
1.97,0.001775
1.9725,0.001775
1.975,0.001775
1.9775,0.001775
1.98,0.001775
1.9825,0.001775
1.985,0.001775
1.9875,0.001775
1.99,0.001775
1.9925,0.001775
1.995,0.001775
1.9975,0.001775
2,0.001775
2.0025,0.001775
2.005,0.001775
2.0075,0.001775
2.01,0.001775
2.0125,0.001775
2.015,0.001775
2.0175,0.001775
2.02,0.001775
2.0225,0.001775
2.025,0.001775
2.0275,0.001775
2.03,0.001775
2.0325,0.001775
2.035,0.001775
2.0375,0.001775
2.04,0.001775
2.0425,0.001775
2.045,0.001775
2.0475,0.001775
2.05,0.001775
2.0525,0.001775
2.055,0.001775
2.0575,0.001775
2.06,0.001775
2.0625,0.001775
2.065,0.001775
2.0675,0.001775
2.07,0.001775
2.0725,0.001775
2.075,0.001775
2.0775,0.001775
2.08,0.001775
2.0825,0.001775
2.085,0.001775
2.0875,0.001775
2.09,0.001775
2.0925,0.001775
2.095,0.001775
2.0975,0.001775
2.1,0.001775
2.1025,0.001775
2.105,0.001775
2.1075,0.001775
2.11,0.001775
2.1125,0.001775
2.115,0.001775
2.1175,0.001775
2.12,0.001775
2.1225,0.001775
2.125,0.001775
2.1275,0.001775
2.13,0.001775
2.1325,0.001775
2.135,0.001775
2.1375,0.001775
2.14,0.001775
2.1425,0.001775
2.145,0.001775
2.1475,0.001775
2.15,0.001775
2.1525,0.001775
2.155,0.001775
2.1575,0.001775
2.16,0.001775
2.1625,0.001775
2.165,0.001775
2.1675,0.001775
2.17,0.001775
2.1725,0.001775
2.175,0.001775
2.1775,0.001775
2.18,0.001775
2.1825,0.001775
2.185,0.001775
2.1875,0.001775
2.19,0.001775
2.1925,0.001775
2.195,0.001775
2.1975,0.001775
2.2,0.001775
2.2025,0.001775
2.205,0.001775
2.2075,0.001775
2.21,0.001775
2.2125,0.001775
2.215,0.001775
2.2175,0.001775
2.22,0.001775
2.2225,0.001775
2.225,0.001775
2.2275,0.001775
2.23,0.001775
2.2325,0.001775
2.235,0.001775
2.2375,0.001775
2.24,0.001775
2.2425,0.001775
2.245,0.001775
2.2475,0.001775
2.25,0.001775
2.2525,0.001775
2.255,0.001775
2.2575,0.001775
2.26,0.001775
2.2625,0.001775
2.265,0.001775
2.2675,0.001775
2.27,0.001775
2.2725,0.001775
2.275,0.001775
2.2775,0.001775
2.28,0.001775
2.2825,0.001775
2.285,0.001775
2.2875,0.001775
2.29,0.001775
2.2925,0.001775
2.295,0.001775
2.2975,0.001775
2.3,0.001775
2.3025,0.001775
2.305,0.001775
2.3075,0.001775
2.31,0.001775
2.3125,0.001775
2.315,0.001775
2.3175,0.001775
2.32,0.001775
2.3225,0.001775
2.325,0.001775
2.3275,0.001775
2.33,0.001775
2.3325,0.001775
2.335,0.001775
2.3375,0.001775
2.34,0.001775
2.3425,0.001775
2.345,0.001775
2.3475,0.001775
2.35,0.001775
2.3525,0.001775
2.355,0.001775
2.3575,0.001775
2.36,0.001775
2.3625,0.001775
2.365,0.001775
2.3675,0.001775
2.37,0.001775
2.3725,0.001775
2.375,0.001775
2.3775,0.001775
2.38,0.001775
2.3825,0.001775
2.385,0.001775
2.3875,0.001775
2.39,0.001775
2.3925,0.001775
2.395,0.001775
2.3975,0.001775
2.4,0.001775
2.4025,0.001775
2.405,0.001775
2.4075,0.001775
2.41,0.001775
2.4125,0.001775
2.415,0.001775
2.4175,0.001775
2.42,0.001775
2.4225,0.001775
2.425,0.001775
2.4275,0.001775
2.43,0.001775
2.4325,0.001775
2.435,0.001775
2.4375,0.001775
2.44,0.001775
2.4425,0.001775
2.445,0.001775
2.4475,0.001775
2.45,0.001775
2.4525,0.001775
2.455,0.001775
2.4575,0.001775
2.46,0.001775
2.4625,0.001775
2.465,0.001775
2.4675,0.001775
2.47,0.001775
2.4725,0.001775
2.475,0.001775
2.4775,0.001775
2.48,0.001775
2.4825,0.001775
2.485,0.001775
2.4875,0.001775
2.49,0.001775
2.4925,0.001775
2.495,0.001775
2.4975,0.001775
2.5,0.001775
2.5025,0.001775
2.505,0.001775
2.5075,0.001775
2.51,0.001775
2.5125,0.001775
2.515,0.001775
2.5175,0.001775
2.52,0.001775
2.5225,0.001775
2.525,0.001775
2.5275,0.001775
2.53,0.001775
2.5325,0.001775
2.535,0.001775
2.5375,0.001775
2.54,0.001775
2.5425,0.001775
2.545,0.001775
2.5475,0.001775
2.55,0.001775
2.5525,0.001775
2.555,0.001775
2.5575,0.001775
2.56,0.001775
2.5625,0.001775
2.565,0.001775
2.5675,0.001775
2.57,0.001775
2.5725,0.001775
2.575,0.001775
2.5775,0.001775
2.58,0.001775
2.5825,0.001775
2.585,0.001775
2.5875,0.001775
2.59,0.001775
2.5925,0.001775
2.595,0.001775
2.5975,0.001775
2.6,0.001775
2.6025,0.001775
2.605,0.001775
2.6075,0.001775
2.61,0.001775
2.6125,0.001775
2.615,0.001775
2.6175,0.001775
2.62,0.001775
2.6225,0.001775
2.625,0.001775
2.6275,0.001775
2.63,0.001775
2.6325,0.001775
2.635,0.001775
2.6375,0.001775
2.64,0.001775
2.6425,0.001775
2.645,0.001775
2.6475,0.001775
2.65,0.001775
2.6525,0.001775
2.655,0.001775
2.6575,0.001775
2.66,0.001775
2.6625,0.001775
2.665,0.001775
2.6675,0.001775
2.67,0.001775
2.6725,0.001775
2.675,0.001775
2.6775,0.001775
2.68,0.001775
2.6825,0.001775
2.685,0.001775
2.6875,0.001775
2.69,0.001775
2.6925,0.001775
2.695,0.001775
2.6975,0.001775
2.7,0.001775
2.7025,0.001775
2.705,0.001775
2.7075,0.001775
2.71,0.001775
2.7125,0.001775
2.715,0.001775
2.7175,0.001775
2.72,0.001775
2.7225,0.001775
2.725,0.001775
2.7275,0.001775
2.73,0.001775
2.7325,0.001775
2.735,0.001775
2.7375,0.001775
2.74,0.001775
2.7425,0.001775
2.745,0.001775
2.7475,0.001775
2.75,0.001775
2.7525,0.001775
2.755,0.001775
2.7575,0.001775
2.76,0.001775
2.7625,0.001775
2.765,0.001775
2.7675,0.001775
2.77,0.001775
2.7725,0.001775
2.775,0.001775
2.7775,0.001775
2.78,0.001775
2.7825,0.001775
2.785,0.001775
2.7875,0.001775
2.79,0.001775
2.7925,0.001775
2.795,0.001775
2.7975,0.001775
2.8,0.001775
2.8025,0.001775
2.805,0.001775
2.8075,0.001775
2.81,0.001775
2.8125,0.001775
2.815,0.001775
2.8175,0.001775
2.82,0.001775
2.8225,0.001775
2.825,0.001775
2.8275,0.001775
2.83,0.001775
2.8325,0.001775
2.835,0.001775
2.8375,0.001775
2.84,0.001775
2.8425,0.001775
2.845,0.001775
2.8475,0.001775
2.85,0.001775
2.8525,0.001775
2.855,0.001775
2.8575,0.001775
2.86,0.001775
2.8625,0.001775
2.865,0.001775
2.8675,0.001775
2.87,0.001775
2.8725,0.001775
2.875,0.001775
2.8775,0.001775
2.88,0.001775
2.8825,0.001775
2.885,0.001775
2.8875,0.001775
2.89,0.001775
2.8925,0.001775
2.895,0.001775
2.8975,0.001775
2.9,0.001775
2.9025,0.001775
2.905,0.001775
2.9075,0.001775
2.91,0.001775
2.9125,0.001775
2.915,0.001775
2.9175,0.001775
2.92,0.001775
2.9225,0.001775
2.925,0.001775
2.9275,0.001775
2.93,0.001775
2.9325,0.001775
2.935,0.001775
2.9375,0.001775
2.94,0.001775
2.9425,0.001775
2.945,0.001775
2.9475,0.001775
2.95,0.001775
2.9525,0.001775
2.955,0.001775
2.9575,0.001775
2.96,0.001775
2.9625,0.001775
2.965,0.001775
2.9675,0.001775
2.97,0.001775
2.9725,0.001775
2.975,0.001775
2.9775,0.001775
2.98,0.001775
2.9825,0.001775
2.985,0.001775
2.9875,0.001775
2.99,0.001775
2.9925,0.001775
2.995,0.001775
2.9975,0.001775
3,0.001775
3.0025,0.001775
3.005,0.001775
3.0075,0.001775
3.01,0.001775
3.0125,0.001775
3.015,0.001775
3.0175,0.001775
3.02,0.001775
3.0225,0.001775
3.025,0.001775
3.0275,0.001775
3.03,0.001775
3.0325,0.001775
3.035,0.001775
3.0375,0.001775
3.04,0.001775
3.0425,0.001775
3.045,0.001775
3.0475,0.001775
3.05,0.001775
3.0525,0.001775
3.055,0.001775
3.0575,0.001775
3.06,0.001775
3.0625,0.001775
3.065,0.001775
3.0675,0.001775
3.07,0.001775
3.0725,0.001775
3.075,0.001775
3.0775,0.001775
3.08,0.001775
3.0825,0.001775
3.085,0.001775
3.0875,0.001775
3.09,0.001775
3.0925,0.001775
3.095,0.001775
3.0975,0.001775
3.1,0.001775
3.1025,0.001775
3.105,0.001775
3.1075,0.001775
3.11,0.001775
3.1125,0.001775
3.115,0.001775
3.1175,0.001775
3.12,0.001775
3.1225,0.001775
3.125,0.001775
3.1275,0.001775
3.13,0.001775
3.1325,0.001775
3.135,0.001775
3.1375,0.001775
3.14,0.001775
3.1425,0.001775
3.145,0.001775
3.1475,0.001775
3.15,0.001775
3.1525,0.001775
3.155,0.001775
3.1575,0.001775
3.16,0.001775
3.1625,0.001775
3.165,0.001775
3.1675,0.001775
3.17,0.001775
3.1725,0.001775
3.175,0.001775
3.1775,0.001775
3.18,0.001775
3.1825,0.001775
3.185,0.001775
3.1875,0.001775
3.19,0.001775
3.1925,0.001775
3.195,0.001775
3.1975,0.001775
3.2,0.001775
3.2025,0.001775
3.205,0.001775
3.2075,0.001775
3.21,0.001775
3.2125,0.001775
3.215,0.001775
3.2175,0.001775
3.22,0.001775
3.2225,0.001775
3.225,0.001775
3.2275,0.001775
3.23,0.001775
3.2325,0.001775
3.235,0.001775
3.2375,0.001775
3.24,0.001775
3.2425,0.001775
3.245,0.001775
3.2475,0.001775
3.25,0.001775
3.2525,0.001775
3.255,0.001775
3.2575,0.001775
3.26,0.001775
3.2625,0.001775
3.265,0.001775
3.2675,0.001775
3.27,0.001775
3.2725,0.001775
3.275,0.001775
3.2775,0.001775
3.28,0.001775
3.2825,0.001775
3.285,0.001775
3.2875,0.001775
3.29,0.001775
3.2925,0.001775
3.295,0.001775
3.2975,0.001775
3.3,0.001775
3.3025,0.001775
3.305,0.001775
3.3075,0.001775
3.31,0.001775
3.3125,0.001775
3.315,0.001775
3.3175,0.001775
3.32,0.001775
3.3225,0.001775
3.325,0.001775
3.3275,0.001775
3.33,0.001775
3.3325,0.001775
3.335,0.001775
3.3375,0.001775
3.34,0.001775
3.3425,0.001775
3.345,0.001775
3.3475,0.001775
3.35,0.001775
3.3525,0.001775
3.355,0.001775
3.3575,0.001775
3.36,0.001775
3.3625,0.001775
3.365,0.001775
3.3675,0.001775
3.37,0.001775
3.3725,0.001775
3.375,0.001775
3.3775,0.001775
3.38,0.001775
3.3825,0.001775
3.385,0.001775
3.3875,0.001775
3.39,0.001775
3.3925,0.001775
3.395,0.001775
3.3975,0.001775
3.4,0.001775
3.4025,0.001775
3.405,0.001775
3.4075,0.001775
3.41,0.001775
3.4125,0.001775
3.415,0.001775
3.4175,0.001775
3.42,0.001775
3.4225,0.001775
3.425,0.001775
3.4275,0.001775
3.43,0.001775
3.4325,0.001775
3.435,0.001775
3.4375,0.001775
3.44,0.001775
3.4425,0.001775
3.445,0.001775
3.4475,0.001775
3.45,0.001775
3.4525,0.001775
3.455,0.001775
3.4575,0.001775
3.46,0.001775
3.4625,0.001775
3.465,0.001775
3.4675,0.001775
3.47,0.001775
3.4725,0.001775
3.475,0.001775
3.4775,0.001775
3.48,0.001775
3.4825,0.001775
3.485,0.001775
3.4875,0.001775
3.49,0.001775
3.4925,0.001775
3.495,0.001775
3.4975,0.001775
3.5,0.001775
3.5025,0.001775
3.505,0.001775
3.5075,0.001775
3.51,0.001775
3.5125,0.001775
3.515,0.001775
3.5175,0.001775
3.52,0.001775
3.5225,0.001775
3.525,0.001775
3.5275,0.001775
3.53,0.001775
3.5325,0.001775
3.535,0.001775
3.5375,0.001775
3.54,0.001775
3.5425,0.001775
3.545,0.001775
3.5475,0.001775
3.55,0.001775
3.5525,0.001775
3.555,0.001775
3.5575,0.001775
3.56,0.001775
3.5625,0.001775
3.565,0.001775
3.5675,0.001775
3.57,0.001775
3.5725,0.001775
3.575,0.001775
3.5775,0.001775
3.58,0.001775
3.5825,0.001775
3.585,0.001775
3.5875,0.001775
3.59,0.001775
3.5925,0.001775
3.595,0.001775
3.5975,0.001775
3.6,0.001775
3.6025,0.001775
3.605,0.001775
3.6075,0.001775
3.61,0.001775
3.6125,0.001775
3.615,0.001775
3.6175,0.001775
3.62,0.001775
3.6225,0.001775
3.625,0.001775
3.6275,0.001775
3.63,0.001775
3.6325,0.001775
3.635,0.001775
3.6375,0.001775
3.64,0.001775
3.6425,0.001775
3.645,0.001775
3.6475,0.001775
3.65,0.001775
3.6525,0.001775
3.655,0.001775
3.6575,0.001775
3.66,0.001775
3.6625,0.001775
3.665,0.001775
3.6675,0.001775
3.67,0.001775
3.6725,0.001775
3.675,0.001775
3.6775,0.001775
3.68,0.001775
3.6825,0.001775
3.685,0.001775
3.6875,0.001775
3.69,0.001775
3.6925,0.001775
3.695,0.001775
3.6975,0.001775
3.7,0.001775
3.7025,0.001775
3.705,0.001775
3.7075,0.001775
3.71,0.001775
3.7125,0.001775
3.715,0.001775
3.7175,0.001775
3.72,0.001775
3.7225,0.001775
3.725,0.001775
3.7275,0.001775
3.73,0.001775
3.7325,0.001775
3.735,0.001775
3.7375,0.001775
3.74,0.001775
3.7425,0.001775
3.745,0.001775
3.7475,0.001775
3.75,0.001775
3.7525,0.001775
3.755,0.001775
3.7575,0.001775
3.76,0.001775
3.7625,0.001775
3.765,0.001775
3.7675,0.001775
3.77,0.001775
3.7725,0.001775
3.775,0.001775
3.7775,0.001775
3.78,0.001775
3.7825,0.001775
3.785,0.001775
3.7875,0.001775
3.79,0.001775
3.7925,0.001775
3.795,0.001775
3.7975,0.001775
3.8,0.001775
3.8025,0.001775
3.805,0.001775
3.8075,0.001775
3.81,0.001775
3.8125,0.001775
3.815,0.001775
3.8175,0.001775
3.82,0.001775
3.8225,0.001775
3.825,0.001775
3.8275,0.001775
3.83,0.001775
3.8325,0.001775
3.835,0.001775
3.8375,0.001775
3.84,0.001775
3.8425,0.001775
3.845,0.001775
3.8475,0.001775
3.85,0.001775
3.8525,0.001775
3.855,0.001775
3.8575,0.001775
3.86,0.001775
3.8625,0.001775
3.865,0.001775
3.8675,0.001775
3.87,0.001775
3.8725,0.001775
3.875,0.001775
3.8775,0.001775
3.88,0.001775
3.8825,0.001775
3.885,0.001775
3.8875,0.001775
3.89,0.001775
3.8925,0.001775
3.895,0.001775
3.8975,0.001775
3.9,0.001775
3.9025,0.001775
3.905,0.001775
3.9075,0.001775
3.91,0.001775
3.9125,0.001775
3.915,0.001775
3.9175,0.001775
3.92,0.001775
3.9225,0.001775
3.925,0.001775
3.9275,0.001775
3.93,0.001775
3.9325,0.001775
3.935,0.001775
3.9375,0.001775
3.94,0.001775
3.9425,0.001775
3.945,0.001775
3.9475,0.001775
3.95,0.001775
3.9525,0.001775
3.955,0.001775
3.9575,0.001775
3.96,0.001775
3.9625,0.001775
3.965,0.001775
3.9675,0.001775
3.97,0.001775
3.9725,0.001775
3.975,0.001775
3.9775,0.001775
3.98,0.001775
3.9825,0.001775
3.985,0.001775
3.9875,0.001775
3.99,0.001775
3.9925,0.001775
3.995,0.001775
3.9975,0.001775
4,0.001775
4.0025,0.001775
4.005,0.001775
4.0075,0.001775
4.01,0.001775
4.0125,0.001775
4.015,0.001775
4.0175,0.001775
4.02,0.001775
4.0225,0.001775
4.025,0.001775
4.0275,0.001775
4.03,0.001775
4.0325,0.001775
4.035,0.001775
4.0375,0.001775
4.04,0.001775
4.0425,0.001775
4.045,0.001775
4.0475,0.001775
4.05,0.001775
4.0525,0.001775
4.055,0.001775
4.0575,0.001775
4.06,0.001775
4.0625,0.001775
4.065,0.001775
4.0675,0.001775
4.07,0.001775
4.0725,0.001775
4.075,0.001775
4.0775,0.001775
4.08,0.001775
4.0825,0.001775
4.085,0.001775
4.0875,0.001775
4.09,0.001775
4.0925,0.001775
4.095,0.001775
4.0975,0.001775
4.1,0.001775
4.1025,0.001775
4.105,0.001775
4.1075,0.001775
4.11,0.001775
4.1125,0.001775
4.115,0.001775
4.1175,0.001775
4.12,0.001775
4.1225,0.001775
4.125,0.001775
4.1275,0.001775
4.13,0.001775
4.1325,0.001775
4.135,0.001775
4.1375,0.001775
4.14,0.001775
4.1425,0.001775
4.145,0.001775
4.1475,0.001775
4.15,0.001775
4.1525,0.001775
4.155,0.001775
4.1575,0.001775
4.16,0.001775
4.1625,0.001775
4.165,0.001775
4.1675,0.001775
4.17,0.001775
4.1725,0.001775
4.175,0.001775
4.1775,0.001775
4.18,0.001775
4.1825,0.001775
4.185,0.001775
4.1875,0.001775
4.19,0.001775
4.1925,0.001775
4.195,0.001775
4.1975,0.001775
4.2,0.001775
4.2025,0.001775
4.205,0.001775
4.2075,0.001775
4.21,0.001775
4.2125,0.001775
4.215,0.001775
4.2175,0.001775
4.22,0.001775
4.2225,0.001775
4.225,0.001775
4.2275,0.001775
4.23,0.001775
4.2325,0.001775
4.235,0.001775
4.2375,0.001775
4.24,0.001775
4.2425,0.001775
4.245,0.001775
4.2475,0.001775
4.25,0.001775
4.2525,0.001775
4.255,0.001775
4.2575,0.001775
4.26,0.001775
4.2625,0.001775
4.265,0.001775
4.2675,0.001775
4.27,0.001775
4.2725,0.001775
4.275,0.001775
4.2775,0.001775
4.28,0.001775
4.2825,0.001775
4.285,0.001775
4.2875,0.001775
4.29,0.001775
4.2925,0.001775
4.295,0.001775
4.2975,0.001775
4.3,0.001775
4.3025,0.001775
4.305,0.001775
4.3075,0.001775
4.31,0.001775
4.3125,0.001775
4.315,0.001775
4.3175,0.001775
4.32,0.001775
4.3225,0.001775
4.325,0.001775
4.3275,0.001775
4.33,0.001775
4.3325,0.001775
4.335,0.001775
4.3375,0.001775
4.34,0.001775
4.3425,0.001775
4.345,0.001775
4.3475,0.001775
4.35,0.001775
4.3525,0.001775
4.355,0.001775
4.3575,0.001775
4.36,0.001775
4.3625,0.001775
4.365,0.001775
4.3675,0.001775
4.37,0.001775
4.3725,0.001775
4.375,0.001775
4.3775,0.001775
4.38,0.001775
4.3825,0.001775
4.385,0.001775
4.3875,0.001775
4.39,0.001775
4.3925,0.001775
4.395,0.001775
4.3975,0.001775
4.4,0.001775
4.4025,0.001775
4.405,0.001775
4.4075,0.001775
4.41,0.001775
4.4125,0.001775
4.415,0.001775
4.4175,0.001775
4.42,0.001775
4.4225,0.001775
4.425,0.001775
4.4275,0.001775
4.43,0.001775
4.4325,0.001775
4.435,0.001775
4.4375,0.001775
4.44,0.001775
4.4425,0.001775
4.445,0.001775
4.4475,0.001775
4.45,0.001775
4.4525,0.001775
4.455,0.001775
4.4575,0.001775
4.46,0.001775
4.4625,0.001775
4.465,0.001775
4.4675,0.001775
4.47,0.001775
4.4725,0.001775
4.475,0.001775
4.4775,0.001775
4.48,0.001775
4.4825,0.001775
4.485,0.001775
4.4875,0.001775
4.49,0.001775
4.4925,0.001775
4.495,0.001775
4.4975,0.001775
4.5,0.001775
4.5025,0.001775
4.505,0.001775
4.5075,0.001775
4.51,0.001775
4.5125,0.001775
4.515,0.001775
4.5175,0.001775
4.52,0.001775
4.5225,0.001775
4.525,0.001775
4.5275,0.001775
4.53,0.001775
4.5325,0.001775
4.535,0.001775
4.5375,0.001775
4.54,0.001775
4.5425,0.001775
4.545,0.001775
4.5475,0.001775
4.55,0.001775
4.5525,0.001775
4.555,0.001775
4.5575,0.001775
4.56,0.001775
4.5625,0.001775
4.565,0.001775
4.5675,0.001775
4.57,0.001775
4.5725,0.001775
4.575,0.001775
4.5775,0.001775
4.58,0.001775
4.5825,0.001775
4.585,0.001775
4.5875,0.001775
4.59,0.001775
4.5925,0.001775
4.595,0.001775
4.5975,0.001775
4.6,0.001775
4.6025,0.001775
4.605,0.001775
4.6075,0.001775
4.61,0.001775
4.6125,0.001775
4.615,0.001775
4.6175,0.001775
4.62,0.001775
4.6225,0.001775
4.625,0.001775
4.6275,0.001775
4.63,0.001775
4.6325,0.001775
4.635,0.001775
4.6375,0.001775
4.64,0.001775
4.6425,0.001775
4.645,0.001775
4.6475,0.001775
4.65,0.001775
4.6525,0.001775
4.655,0.001775
4.6575,0.001775
4.66,0.001775
4.6625,0.001775
4.665,0.001775
4.6675,0.001775
4.67,0.001775
4.6725,0.001775
4.675,0.001775
4.6775,0.001775
4.68,0.001775
4.6825,0.001775
4.685,0.001775
4.6875,0.001775
4.69,0.001775
4.6925,0.001775
4.695,0.001775
4.6975,0.001775
4.7,0.001775
4.7025,0.001775
4.705,0.001775
4.7075,0.001775
4.71,0.001775
4.7125,0.001775
4.715,0.001775
4.7175,0.001775
4.72,0.001775
4.7225,0.001775
4.725,0.001775
4.7275,0.001775
4.73,0.001775
4.7325,0.001775
4.735,0.001775
4.7375,0.001775
4.74,0.001775
4.7425,0.001775
4.745,0.001775
4.7475,0.001775
4.75,0.001775
4.7525,0.001775
4.755,0.001775
4.7575,0.001775
4.76,0.001775
4.7625,0.001775
4.765,0.001775
4.7675,0.001775
4.77,0.001775
4.7725,0.001775
4.775,0.001775
4.7775,0.001775
4.78,0.001775
4.7825,0.001775
4.785,0.001775
0.0025,7.5e-05
0.005,7.5e-05
0.0075,7.5e-05
0.01,7.5e-05
0.0125,7.5e-05
0.015,0.000125
0.0175,0.000125
0.02,0.000125
0.0225,0.000125
0.025,0.000125
0.0275,0.000125
0.03,0.000125
0.0325,0.000125
0.035,0.000125
0.0375,0.000125
0.04,0.000125
0.0425,0.000125
0.045,0.000125
0.0475,0.000125
0.05,0.000175
0.0525,0.000175
0.055,0.000175
0.0575,0.000175
0.06,0.000175
0.0625,0.000175
0.065,0.000175
0.0675,0.000175
0.07,0.000175
0.0725,0.000175
0.075,0.000175
0.0775,0.000175
0.08,0.000175
0.0825,0.000175
0.085,0.000175
0.0875,0.000175
0.09,0.000175
0.0925,0.000175
0.095,0.000175
0.0975,0.000175
0.1,0.000175
0.0025,0.001475
0.005,0.001475
0.0075,0.001475
0.01,0.001475
0.0125,0.001475
0.015,0.001475
0.0175,0.001475
0.02,0.001525
0.0225,0.001525
0.025,0.001525
0.0275,0.001525
0.03,0.001525
0.0325,0.001525
0.035,0.001525
0.0375,0.001525
0.04,0.001525
0.0425,0.001525
0.045,0.001525
0.0475,0.001525
0.05,0.001525
0.0525,0.001525
0.055,0.001525
0.0575,0.001525
0.06,0.001525
0.0625,0.001525
0.065,0.001525
0.0675,0.001525
0.07,0.001525
0.0725,0.001525
0.075,0.001525
0.0775,0.001525
0.08,0.001525
0.0025,0.001475
0.005,0.001475
0.0075,0.001475
0.01,0.001475
0.0125,0.001475
0.015,0.001475
0.0175,0.001475
0.02,0.001525
0.0225,0.001525
0.025,0.001525
0.0275,0.001525
0.03,0.001525
0.0325,0.001525
0.035,0.001525
0.0375,0.001525
0.04,0.001525
0.0425,0.001525
0.045,0.001525
0.0475,0.001525
0.05,0.001525
0.0525,0.001525
0.055,0.001525
0.0575,0.001525
0.06,0.001525
0.0625,0.001525
0.065,0.001525
0.0675,0.001525
0.07,0.001525
0.0025,0.001475
0.005,0.001475
0.0075,0.001475
0.01,0.001475
0.0125,0.001475
0.015,0.001475
0.0175,0.001475
0.02,0.001525
0.0225,0.001525
0.025,0.001525
0.0275,0.001525
0.03,0.001525
0.0325,0.001525
0.035,0.001525
0.0375,0.001525
0.04,0.001525
0.0425,0.001525
0.045,0.001525
0.0475,0.001525
0.05,0.001525
0.0525,0.001525
0.055,0.001525
0.0575,0.001525
0.06,0.001525
0.0625,0.001525
0.065,0.001525
0.0675,0.001525
0.07,0.001525
0.0725,0.001525
0.075,0.001525
0.0775,0.001525
0.08,0.001525
0.0825,0.001525
0.085,0.001525
0.0875,0.001525
0.09,0.001525
0.0925,0.001525
0.095,0.001525
0.0975,0.001525
0.1,0.001525
0.1025,0.001525
0.105,0.001525
0.1075,0.001525
0.11,0.001525
0.1125,0.001525
0.115,0.001525
0.1175,0.001525
0.12,0.001525
0.1225,0.001525
0.125,0.001525
0.1275,0.001525
0.13,0.001525
0.1325,0.001525
0.135,0.001525
0.1375,0.001525
0.14,0.001525
0.1425,0.001525
0.145,0.001525
0.1475,0.001525
0.15,0.001525
0.1525,0.001525
0.155,0.001525
0.1575,0.001525
0.16,0.001525
0.1625,0.001525
0.165,0.001525
0.1675,0.001525
0.17,0.001525
0.1725,0.001525
0.175,0.001525
0.1775,0.001525
0.18,0.001525
0.1825,0.001525
0.185,0.001525
0.1875,0.001525
0.19,0.001525
0.1925,0.001525
0.195,0.001525
0.1975,0.001525
0.2,0.001525
0.2025,0.001525
0.205,0.001525
0.2075,0.001525
0.21,0.001525
0.2125,0.001525
0.215,0.001525
0.2175,0.001525
0.22,0.001525
0.2225,0.001525
0.225,0.001525
0.2275,0.001525
0.23,0.001525
0.2325,0.001525
0.235,0.001525
0.2375,0.001525
0.24,0.001525
0.2425,0.001525
0.245,0.001525
0.2475,0.001525
0.25,0.001525
0.2525,0.001525
0.255,0.001525
0.2575,0.001525
0.26,0.001525
0.2625,0.001525
0.265,0.001525
0.2675,0.001525
0.27,0.001525
0.2725,0.001525
0.275,0.001525
0.2775,0.001525
0.28,0.001525
0.2825,0.001525
0.285,0.001525
0.2875,0.001525
0.29,0.001525
0.2925,0.001525
0.295,0.001525
0.2975,0.001525
0.3,0.001525
0.3025,0.001525
0.305,0.001525
0.3075,0.001525
0.31,0.001575
0.3125,0.001575
0.315,0.001575
0.3175,0.001575
0.32,0.001575
0.3225,0.001575
0.325,0.001575
0.3275,0.001575
0.33,0.001575
0.3325,0.001575
0.335,0.001575
0.3375,0.001575
0.34,0.001575
0.3425,0.001575
0.345,0.001575
0.3475,0.001575
0.35,0.001575
0.3525,0.001575
0.355,0.001575
0.3575,0.001575
0.36,0.001575
0.3625,0.001575
0.365,0.001575
0.3675,0.001575
0.37,0.001575
0.3725,0.001575
0.375,0.001575
0.3775,0.001575
0.38,0.001575
0.3825,0.001575
0.385,0.001575
0.3875,0.001575
0.39,0.001575
0.3925,0.001575
0.395,0.001575
0.3975,0.001575
0.4,0.001575
0.4025,0.001575
0.405,0.001575
0.4075,0.001575
0.41,0.001575
0.4125,0.001575
0.415,0.001575
0.4175,0.001575
0.42,0.001575
0.4225,0.001575
0.425,0.001575
0.4275,0.001575
0.43,0.001575
0.4325,0.001575
0.435,0.001575
0.4375,0.001575
0.44,0.001575
0.4425,0.001575
0.445,0.001575
0.4475,0.001575
0.45,0.001575
0.4525,0.001575
0.455,0.001575
0.4575,0.001575
0.46,0.001575
0.4625,0.001575
0.465,0.001575
0.4675,0.001575
0.47,0.001575
0.4725,0.001575
0.475,0.001575
0.4775,0.001575
0.48,0.001575
0.4825,0.001575
0.485,0.001575
0.4875,0.001575
0.49,0.001575
0.4925,0.001575
0.495,0.001575
0.4975,0.001575
0.5,0.001575
0.5025,0.001575
0.505,0.001575
0.5075,0.001575
0.51,0.001575
0.5125,0.001575
0.515,0.001575
0.5175,0.001575
0.52,0.001575
0.5225,0.001575
0.525,0.001575
0.5275,0.001575
0.53,0.001575
0.5325,0.001575
0.535,0.001575
0.5375,0.001575
0.54,0.001575
0.5425,0.001525
0.545,0.001525
0.5475,0.001525
0.55,0.001525
0.5525,0.001525
0.555,0.001525
0.5575,0.001525
0.56,0.001525
0.5625,0.001525
0.565,0.001525
0.5675,0.001525
0.57,0.001525
0.5725,0.001525
0.575,0.001525
0.5775,0.001525
0.58,0.001525
0.5825,0.001525
0.585,0.001525
0.5875,0.001525
0.59,0.001525
0.5925,0.001525
0.595,0.001525
0.5975,0.001525
0.6,0.001525
0.6025,0.001525
0.605,0.001525
0.6075,0.001525
0.61,0.001525
0.6125,0.001525
0.615,0.001525
0.6175,0.001525
0.62,0.001525
0.6225,0.001525
0.625,0.001525
0.6275,0.001525
0.63,0.001525
0.6325,0.001525
0.635,0.001525
0.6375,0.001525
0.64,0.001525
0.6425,0.001525
0.645,0.001525
0.6475,0.001525
0.65,0.001525
0.6525,0.001525
0.655,0.001525
0.6575,0.001525
0.66,0.001525
0.6625,0.001525
0.665,0.001525
0.6675,0.001525
0.67,0.001525
0.6725,0.001525
0.675,0.001525
0.6775,0.001525
0.68,0.001525
0.6825,0.001525
0.685,0.001525
0.6875,0.001525
0.69,0.001525
0.6925,0.001525
0.695,0.001525
0.6975,0.001525
0.7,0.001525
0.7025,0.001525
0.705,0.001525
0.7075,0.001525
0.71,0.001525
0.7125,0.001525
0.715,0.001525
0.7175,0.001525
0.72,0.001525
0.7225,0.001525
0.725,0.001525
0.7275,0.001525
0.73,0.001525
0.7325,0.001525
0.735,0.001525
0.7375,0.001525
0.74,0.001525
0.7425,0.001525
0.745,0.001525
0.7475,0.001525
0.75,0.001525
0.7525,0.001525
0.755,0.001525
0.7575,0.001525
0.76,0.001525
0.7625,0.001525
0.765,0.001525
0.7675,0.001525
0.77,0.001525
0.7725,0.001525
0.775,0.001525
0.7775,0.001525
0.78,0.001525
0.7825,0.001525
0.785,0.001525
0.7875,0.001525
0.79,0.001525
0.7925,0.001525
0.795,0.001525
0.7975,0.001525
0.8,0.001525
0.8025,0.001525
0.805,0.001525
0.8075,0.001525
0.81,0.001525
0.8125,0.001525
0.815,0.001525
0.8175,0.001525
0.82,0.001525
0.8225,0.001525
0.825,0.001525
0.8275,0.001525
0.83,0.001525
0.8325,0.001525
0.835,0.001525
0.8375,0.001525
0.84,0.001525
0.8425,0.001525
0.845,0.001525
0.8475,0.001525
0.85,0.001525
0.8525,0.001525
0.855,0.001525
0.8575,0.001525
0.86,0.001525
0.8625,0.001525
0.865,0.001525
0.8675,0.001525
0.87,0.001525
0.8725,0.001525
0.875,0.001525
0.8775,0.001525
0.88,0.001525
0.8825,0.001525
0.885,0.001525
0.8875,0.001525
0.89,0.001525
0.8925,0.001525
0.895,0.001525
0.8975,0.001525
0.9,0.001525
0.9025,0.001525
0.905,0.001525
0.9075,0.001525
0.91,0.001525
0.9125,0.001525
0.915,0.001525
0.9175,0.001525
0.92,0.001525
0.9225,0.001525
0.925,0.001525
0.9275,0.001525
0.93,0.001525
0.9325,0.001525
0.935,0.001525
0.9375,0.001525
0.94,0.001525
0.9425,0.001525
0.945,0.001525
0.9475,0.001525
0.95,0.001525
0.9525,0.001525
0.955,0.001525
0.9575,0.001525
0.96,0.001525
0.9625,0.001525
0.965,0.001525
0.9675,0.001525
0.97,0.001525
0.9725,0.001525
0.975,0.001525
0.9775,0.001525
0.98,0.001525
0.9825,0.001525
0.985,0.001525
0.9875,0.001525
0.99,0.001525
0.9925,0.001525
0.995,0.001525
0.9975,0.001525
1,0.001525
1.0025,0.001525
1.005,0.001525
1.0075,0.001525
1.01,0.001525
1.0125,0.001525
1.015,0.001525
1.0175,0.001525
1.02,0.001525
1.0225,0.001525
1.025,0.001525
1.0275,0.001525
1.03,0.001525
1.0325,0.001525
1.035,0.001525
1.0375,0.001525
1.04,0.001525
1.0425,0.001525
1.045,0.001525
1.0475,0.001525
1.05,0.001525
1.0525,0.001525
1.055,0.001525
1.0575,0.001525
1.06,0.001525
1.0625,0.001525
1.065,0.001525
1.0675,0.001525
1.07,0.001525
1.0725,0.001525
1.075,0.001525
1.0775,0.001525
1.08,0.001525
1.0825,0.001525
1.085,0.001525
1.0875,0.001525
1.09,0.001525
1.0925,0.001525
1.095,0.001525
1.0975,0.001525
1.1,0.001525
1.1025,0.001525
1.105,0.001525
1.1075,0.001525
1.11,0.001525
1.1125,0.001525
1.115,0.001525
1.1175,0.001525
1.12,0.001525
1.1225,0.001525
1.125,0.001525
1.1275,0.001525
1.13,0.001525
1.1325,0.001525
1.135,0.001525
1.1375,0.001525
1.14,0.001525
1.1425,0.001525
1.145,0.001525
1.1475,0.001525
1.15,0.001525
1.1525,0.001525
1.155,0.001525
1.1575,0.001525
1.16,0.001525
1.1625,0.001525
1.165,0.001525
1.1675,0.001525
1.17,0.001525
1.1725,0.001525
1.175,0.001525
1.1775,0.001525
1.18,0.001525
1.1825,0.001525
1.185,0.001525
1.1875,0.001525
1.19,0.001525
1.1925,0.001525
1.195,0.001525
1.1975,0.001525
1.2,0.001525
1.2025,0.001525
1.205,0.001525
1.2075,0.001525
1.21,0.001525
1.2125,0.001525
1.215,0.001525
1.2175,0.001525
1.22,0.001525
1.2225,0.001525
1.225,0.001525
1.2275,0.001525
1.23,0.001525
1.2325,0.001525
1.235,0.001525
1.2375,0.001525
1.24,0.001525
1.2425,0.001525
1.245,0.001525
1.2475,0.001525
1.25,0.001525
1.2525,0.001525
1.255,0.001525
1.2575,0.001525
1.26,0.001525
1.2625,0.001525
1.265,0.001525
1.2675,0.001525
1.27,0.001525
1.2725,0.001525
1.275,0.001525
1.2775,0.001525
1.28,0.001525
1.2825,0.001525
1.285,0.001525
1.2875,0.001525
1.29,0.001525
1.2925,0.001525
1.295,0.001525
1.2975,0.001525
1.3,0.001525
1.3025,0.001525
1.305,0.001525
1.3075,0.001525
1.31,0.001525
1.3125,0.001525
1.315,0.001525
1.3175,0.001525
1.32,0.001525
1.3225,0.001525
1.325,0.001525
1.3275,0.001525
1.33,0.001525
1.3325,0.001525
1.335,0.001525
1.3375,0.001525
1.34,0.001525
1.3425,0.001525
1.345,0.001525
1.3475,0.001525
1.35,0.001525
1.3525,0.001525
1.355,0.001525
1.3575,0.001525
1.36,0.001525
1.3625,0.001525
1.365,0.001525
1.3675,0.001525
1.37,0.001525
1.3725,0.001525
1.375,0.001525
1.3775,0.001525
1.38,0.001525
1.3825,0.001525
1.385,0.001525
1.3875,0.001525
1.39,0.001525
1.3925,0.001525
1.395,0.001525
1.3975,0.001525
1.4,0.001525
1.4025,0.001525
1.405,0.001525
1.4075,0.001525
1.41,0.001525
1.4125,0.001525
1.415,0.001525
1.4175,0.001525
1.42,0.001525
1.4225,0.001525
1.425,0.001525
1.4275,0.001525
1.43,0.001525
1.4325,0.001525
1.435,0.001525
1.4375,0.001525
1.44,0.001525
1.4425,0.001525
1.445,0.001525
1.4475,0.001525
1.45,0.001525
1.4525,0.001525
1.455,0.001525
1.4575,0.001525
1.46,0.001525
1.4625,0.001525
1.465,0.001525
1.4675,0.001525
1.47,0.001525
1.4725,0.001525
1.475,0.001525
1.4775,0.001525
1.48,0.001525
1.4825,0.001525
1.485,0.001525
1.4875,0.001525
1.49,0.001525
1.4925,0.001525
1.495,0.001525
1.4975,0.001525
1.5,0.001525
1.5025,0.001525
1.505,0.001525
1.5075,0.001525
1.51,0.001525
1.5125,0.001525
1.515,0.001525
1.5175,0.001525
1.52,0.001525
1.5225,0.001525
1.525,0.001525
1.5275,0.001525
1.53,0.001525
1.5325,0.001525
1.535,0.001525
1.5375,0.001525
1.54,0.001525
1.5425,0.001525
1.545,0.001525
1.5475,0.001525
1.55,0.001525
1.5525,0.001525
1.555,0.001525
1.5575,0.001525
1.56,0.001525
1.5625,0.001525
1.565,0.001525
1.5675,0.001525
1.57,0.001525
1.5725,0.001525
1.575,0.001525
1.5775,0.001525
1.58,0.001525
1.5825,0.001525
1.585,0.001525
1.5875,0.001525
1.59,0.001525
1.5925,0.001525
1.595,0.001525
1.5975,0.001525
1.6,0.001525
1.6025,0.001525
1.605,0.001525
1.6075,0.001525
1.61,0.001525
1.6125,0.001525
1.615,0.001525
1.6175,0.001525
1.62,0.001525
1.6225,0.001525
1.625,0.001525
1.6275,0.001525
1.63,0.001525
1.6325,0.001525
1.635,0.001525
1.6375,0.001525
1.64,0.001525
1.6425,0.001525
1.645,0.001525
1.6475,0.001525
1.65,0.001525
1.6525,0.001525
1.655,0.001525
1.6575,0.001525
1.66,0.001525
1.6625,0.001525
1.665,0.001525
1.6675,0.001525
1.67,0.001525
1.6725,0.001525
1.675,0.001525
1.6775,0.001525
1.68,0.001525
1.6825,0.001525
1.685,0.001525
1.6875,0.001525
1.69,0.001525
1.6925,0.001525
1.695,0.001525
1.6975,0.001525
1.7,0.001525
1.7025,0.001525
1.705,0.001525
1.7075,0.001525
1.71,0.001525
1.7125,0.001525
1.715,0.001525
1.7175,0.001525
1.72,0.001525
1.7225,0.001525
1.725,0.001525
1.7275,0.001525
1.73,0.001525
1.7325,0.001525
1.735,0.001525
1.7375,0.001525
1.74,0.001525
1.7425,0.001525
1.745,0.001525
1.7475,0.001525
1.75,0.001525
1.7525,0.001525
1.755,0.001525
1.7575,0.001525
1.76,0.001525
1.7625,0.001525
1.765,0.001525
1.7675,0.001525
1.77,0.001525
1.7725,0.001525
1.775,0.001525
1.7775,0.001525
1.78,0.001525
1.7825,0.001525
1.785,0.001525
1.7875,0.001525
1.79,0.001525
1.7925,0.001525
1.795,0.001525
1.7975,0.001525
1.8,0.001525
1.8025,0.001525
1.805,0.001525
1.8075,0.001525
1.81,0.001525
1.8125,0.001525
1.815,0.001525
1.8175,0.001525
1.82,0.001525
1.8225,0.001525
1.825,0.001525
1.8275,0.001525
1.83,0.001525
1.8325,0.001525
1.835,0.001525
1.8375,0.001525
1.84,0.001525
1.8425,0.001525
1.845,0.001525
1.8475,0.001525
1.85,0.001525
1.8525,0.001525
1.855,0.001525
1.8575,0.001525
1.86,0.001525
1.8625,0.001525
1.865,0.001525
1.8675,0.001525
1.87,0.001525
1.8725,0.001525
1.875,0.001525
1.8775,0.001525
1.88,0.001525
1.8825,0.001525
1.885,0.001525
1.8875,0.001525
1.89,0.001525
1.8925,0.001525
1.895,0.001525
1.8975,0.001525
1.9,0.001525
1.9025,0.001525
1.905,0.001525
1.9075,0.001525
1.91,0.001525
1.9125,0.001525
1.915,0.001525
1.9175,0.001525
1.92,0.001525
1.9225,0.001525
1.925,0.001525
1.9275,0.001525
1.93,0.001525
1.9325,0.001525
1.935,0.001525
1.9375,0.001525
1.94,0.001525
1.9425,0.001525
1.945,0.001525
1.9475,0.001525
1.95,0.001525
1.9525,0.001525
1.955,0.001525
1.9575,0.001525
1.96,0.001525
1.9625,0.001525
1.965,0.001525
1.9675,0.001525
1.97,0.001525
1.9725,0.001525
1.975,0.001525
1.9775,0.001525
1.98,0.001525
1.9825,0.001525
1.985,0.001525
1.9875,0.001525
1.99,0.001525
1.9925,0.001525
1.995,0.001525
1.9975,0.001525
2,0.001525
2.0025,0.001525
2.005,0.001525
2.0075,0.001525
2.01,0.001525
2.0125,0.001525
2.015,0.001525
2.0175,0.001525
2.02,0.001525
2.0225,0.001525
2.025,0.001525
2.0275,0.001525
2.03,0.001525
2.0325,0.001525
2.035,0.001525
2.0375,0.001525
2.04,0.001525
2.0425,0.001525
2.045,0.001525
2.0475,0.001525
2.05,0.001525
2.0525,0.001525
2.055,0.001525
2.0575,0.001525
2.06,0.001525
2.0625,0.001525
2.065,0.001525
2.0675,0.001525
2.07,0.001525
2.0725,0.001525
2.075,0.001525
2.0775,0.001525
2.08,0.001525
2.0825,0.001525
2.085,0.001525
2.0875,0.001525
2.09,0.001525
2.0925,0.001525
2.095,0.001525
2.0975,0.001525
2.1,0.001525
2.1025,0.001525
2.105,0.001525
2.1075,0.001525
2.11,0.001525
2.1125,0.001525
2.115,0.001525
2.1175,0.001525
2.12,0.001525
2.1225,0.001525
2.125,0.001525
2.1275,0.001525
2.13,0.001525
2.1325,0.001525
2.135,0.001525
2.1375,0.001525
2.14,0.001525
2.1425,0.001525
2.145,0.001525
2.1475,0.001525
2.15,0.001525
2.1525,0.001525
2.155,0.001525
2.1575,0.001525
2.16,0.001525
2.1625,0.001525
2.165,0.001525
2.1675,0.001525
2.17,0.001525
2.1725,0.001525
2.175,0.001525
2.1775,0.001525
2.18,0.001525
2.1825,0.001525
2.185,0.001525
2.1875,0.001525
2.19,0.001525
2.1925,0.001525
2.195,0.001525
2.1975,0.001525
2.2,0.001525
2.2025,0.001525
2.205,0.001525
2.2075,0.001525
2.21,0.001525
2.2125,0.001525
2.215,0.001525
2.2175,0.001525
2.22,0.001525
2.2225,0.001525
2.225,0.001525
2.2275,0.001525
2.23,0.001525
2.2325,0.001525
2.235,0.001475
2.2375,0.001475
2.24,0.001475
2.2425,0.001475
2.245,0.001475
2.2475,0.001475
2.25,0.001475
2.2525,0.001475
2.255,0.001475
2.2575,0.001475
2.26,0.001475
2.2625,0.001475
2.265,0.001475
2.2675,0.001475
2.27,0.001475
2.2725,0.001475
2.275,0.001475
2.2775,0.001475
2.28,0.001475
2.2825,0.001475
2.285,0.001475
2.2875,0.001475
2.29,0.001475
2.2925,0.001475
2.295,0.001475
2.2975,0.001475
2.3,0.001475
2.3025,0.001475
2.305,0.001475
2.3075,0.001475
2.31,0.001475
2.3125,0.001475
2.315,0.001475
2.3175,0.001475
2.32,0.001475
2.3225,0.001475
2.325,0.001475
2.3275,0.001475
2.33,0.001475
2.3325,0.001475
2.335,0.001475
2.3375,0.001475
2.34,0.001475
2.3425,0.001475
2.345,0.001475
2.3475,0.001475
2.35,0.001475
2.3525,0.001475
2.355,0.001475
2.3575,0.001475
2.36,0.001475
2.3625,0.001475
2.365,0.001475
2.3675,0.001475
2.37,0.001475
2.3725,0.001475
2.375,0.001475
2.3775,0.001475
2.38,0.001475
2.3825,0.001475
2.385,0.001475
2.3875,0.001475
2.39,0.001475
2.3925,0.001475
2.395,0.001475
2.3975,0.001475
2.4,0.001475
2.4025,0.001475
2.405,0.001475
2.4075,0.001475
2.41,0.001475
2.4125,0.001475
2.415,0.001475
2.4175,0.001475
2.42,0.001475
2.4225,0.001475
2.425,0.001475
2.4275,0.001475
2.43,0.001475
2.4325,0.001475
2.435,0.001475
2.4375,0.001475
2.44,0.001475
2.4425,0.001475
2.445,0.001475
2.4475,0.001475
2.45,0.001475
2.4525,0.001475
2.455,0.001475
2.4575,0.001475
2.46,0.001475
2.4625,0.001475
2.465,0.001475
2.4675,0.001475
2.47,0.001475
2.4725,0.001475
2.475,0.001475
2.4775,0.001475
2.48,0.001475
2.4825,0.001475
2.485,0.001475
2.4875,0.001475
2.49,0.001475
2.4925,0.001475
2.495,0.001475
2.4975,0.001475
2.5,0.001475
2.5025,0.001475
2.505,0.001475
2.5075,0.001475
2.51,0.001475
2.5125,0.001475
2.515,0.001475
2.5175,0.001475
2.52,0.001475
2.5225,0.001475
2.525,0.001475
2.5275,0.001475
2.53,0.001475
2.5325,0.001475
2.535,0.001475
2.5375,0.001475
2.54,0.001475
2.5425,0.001475
2.545,0.001475
2.5475,0.001475
2.55,0.001475
2.5525,0.001475
2.555,0.001475
2.5575,0.001475
2.56,0.001475
2.5625,0.001475
2.565,0.001475
2.5675,0.001475
2.57,0.001475
2.5725,0.001475
2.575,0.001475
2.5775,0.001475
2.58,0.001475
2.5825,0.001475
2.585,0.001475
2.5875,0.001475
2.59,0.001475
2.5925,0.001475
2.595,0.001475
2.5975,0.001475
2.6,0.001475
2.6025,0.001475
2.605,0.001475
2.6075,0.001475
2.61,0.001475
2.6125,0.001475
2.615,0.001475
2.6175,0.001475
2.62,0.001475
2.6225,0.001475
2.625,0.001475
2.6275,0.001475
2.63,0.001475
2.6325,0.001475
2.635,0.001475
2.6375,0.001475
2.64,0.001475
2.6425,0.001475
2.645,0.001475
2.6475,0.001475
2.65,0.001475
2.6525,0.001475
2.655,0.001475
2.6575,0.001475
2.66,0.001475
2.6625,0.001475
2.665,0.001475
2.6675,0.001475
2.67,0.001475
2.6725,0.001475
2.675,0.001475
2.6775,0.001475
2.68,0.001475
2.6825,0.001475
2.685,0.001475
2.6875,0.001475
2.69,0.001475
2.6925,0.001475
2.695,0.001475
2.6975,0.001475
2.7,0.001475
2.7025,0.001475
2.705,0.001475
2.7075,0.001475
2.71,0.001475
2.7125,0.001475
2.715,0.001475
2.7175,0.001475
2.72,0.001475
2.7225,0.001475
2.725,0.001475
2.7275,0.001475
2.73,0.001475
2.7325,0.001475
2.735,0.001475
2.7375,0.001475
2.74,0.001475
2.7425,0.001475
2.745,0.001475
2.7475,0.001475
2.75,0.001475
2.7525,0.001475
2.755,0.001475
2.7575,0.001475
2.76,0.001475
2.7625,0.001475
2.765,0.001475
2.7675,0.001475
2.77,0.001475
2.7725,0.001475
2.775,0.001475
2.7775,0.001475
2.78,0.001475
2.7825,0.001475
2.785,0.001475
2.7875,0.001475
2.79,0.001475
2.7925,0.001475
2.795,0.001475
2.7975,0.001475
2.8,0.001475
2.8025,0.001475
2.805,0.001475
2.8075,0.001475
2.81,0.001475
2.8125,0.001475
2.815,0.001475
2.8175,0.001475
2.82,0.001475
2.8225,0.001475
2.825,0.001475
2.8275,0.001475
2.83,0.001475
2.8325,0.001475
2.835,0.001475
2.8375,0.001475
2.84,0.001475
2.8425,0.001475
2.845,0.001475
2.8475,0.001475
2.85,0.001475
2.8525,0.001475
2.855,0.001475
2.8575,0.001475
2.86,0.001475
2.8625,0.001475
2.865,0.001475
2.8675,0.001475
2.87,0.001475
2.8725,0.001475
2.875,0.001475
2.8775,0.001475
2.88,0.001475
2.8825,0.001475
2.885,0.001475
2.8875,0.001475
2.89,0.001475
2.8925,0.001475
2.895,0.001475
2.8975,0.001475
2.9,0.001475
2.9025,0.001475
2.905,0.001475
2.9075,0.001475
2.91,0.001475
2.9125,0.001475
2.915,0.001475
2.9175,0.001475
2.92,0.001475
2.9225,0.001475
2.925,0.001475
2.9275,0.001475
2.93,0.001475
2.9325,0.001475
2.935,0.001475
2.9375,0.001475
2.94,0.001475
2.9425,0.001475
2.945,0.001475
2.9475,0.001475
2.95,0.001475
2.9525,0.001475
2.955,0.001475
2.9575,0.001475
2.96,0.001475
2.9625,0.001475
2.965,0.001475
2.9675,0.001475
2.97,0.001475
2.9725,0.001475
2.975,0.001475
2.9775,0.001475
2.98,0.001475
2.9825,0.001475
2.985,0.001475
2.9875,0.001475
2.99,0.001475
2.9925,0.001475
2.995,0.001475
2.9975,0.001475
3,0.001475
3.0025,0.001475
3.005,0.001475
3.0075,0.001475
3.01,0.001475
3.0125,0.001475
3.015,0.001475
3.0175,0.001475
3.02,0.001475
3.0225,0.001475
3.025,0.001475
3.0275,0.001475
3.03,0.001475
3.0325,0.001475
3.035,0.001475
3.0375,0.001475
3.04,0.001475
3.0425,0.001475
3.045,0.001475
3.0475,0.001475
3.05,0.001475
3.0525,0.001475
3.055,0.001475
3.0575,0.001475
3.06,0.001475
3.0625,0.001475
3.065,0.001475
3.0675,0.001475
3.07,0.001475
3.0725,0.001475
3.075,0.001475
3.0775,0.001475
3.08,0.001475
3.0825,0.001475
3.085,0.001475
3.0875,0.001475
3.09,0.001475
3.0925,0.001475
3.095,0.001475
3.0975,0.001475
3.1,0.001475
3.1025,0.001475
3.105,0.001475
3.1075,0.001475
3.11,0.001475
3.1125,0.001475
3.115,0.001475
3.1175,0.001475
3.12,0.001475
3.1225,0.001475
3.125,0.001475
3.1275,0.001475
3.13,0.001475
3.1325,0.001475
3.135,0.001475
3.1375,0.001475
3.14,0.001475
3.1425,0.001475
3.145,0.001475
3.1475,0.001475
3.15,0.001475
3.1525,0.001475
3.155,0.001475
3.1575,0.001475
3.16,0.001475
3.1625,0.001475
3.165,0.001475
3.1675,0.001475
3.17,0.001475
3.1725,0.001475
3.175,0.001475
3.1775,0.001475
3.18,0.001475
3.1825,0.001475
3.185,0.001475
3.1875,0.001475
3.19,0.001475
3.1925,0.001475
3.195,0.001475
3.1975,0.001475
3.2,0.001475
3.2025,0.001475
3.205,0.001475
3.2075,0.001475
3.21,0.001475
3.2125,0.001475
3.215,0.001475
3.2175,0.001475
3.22,0.001475
3.2225,0.001475
3.225,0.001475
3.2275,0.001475
3.23,0.001475
3.2325,0.001475
3.235,0.001475
3.2375,0.001475
3.24,0.001475
3.2425,0.001475
3.245,0.001475
3.2475,0.001475
3.25,0.001475
3.2525,0.001475
3.255,0.001475
3.2575,0.001475
3.26,0.001475
3.2625,0.001475
3.265,0.001475
3.2675,0.001475
3.27,0.001475
3.2725,0.001475
3.275,0.001475
3.2775,0.001475
3.28,0.001475
3.2825,0.001475
3.285,0.001475
3.2875,0.001475
3.29,0.001475
3.2925,0.001475
3.295,0.001475
3.2975,0.001475
3.3,0.001475
3.3025,0.001475
3.305,0.001475
3.3075,0.001475
3.31,0.001475
3.3125,0.001475
3.315,0.001475
3.3175,0.001475
3.32,0.001475
3.3225,0.001475
3.325,0.001475
3.3275,0.001475
3.33,0.001475
3.3325,0.001475
3.335,0.001475
3.3375,0.001475
3.34,0.001475
3.3425,0.001475
3.345,0.001475
3.3475,0.001475
3.35,0.001475
3.3525,0.001475
3.355,0.001475
3.3575,0.001475
3.36,0.001475
3.3625,0.001475
3.365,0.001475
3.3675,0.001475
3.37,0.001475
3.3725,0.001475
3.375,0.001475
3.3775,0.001475
3.38,0.001475
3.3825,0.001475
3.385,0.001475
3.3875,0.001475
3.39,0.001475
3.3925,0.001475
3.395,0.001475
3.3975,0.001475
3.4,0.001475
3.4025,0.001475
3.405,0.001475
3.4075,0.001475
3.41,0.001475
3.4125,0.001475
3.415,0.001475
3.4175,0.001475
3.42,0.001475
3.4225,0.001475
3.425,0.001475
3.4275,0.001475
3.43,0.001475
3.4325,0.001475
3.435,0.001475
3.4375,0.001475
3.44,0.001475
3.4425,0.001475
3.445,0.001475
3.4475,0.001475
3.45,0.001475
3.4525,0.001475
3.455,0.001475
3.4575,0.001475
3.46,0.001475
3.4625,0.001475
3.465,0.001475
3.4675,0.001475
3.47,0.001475
3.4725,0.001475
3.475,0.001475
3.4775,0.001475
3.48,0.001475
3.4825,0.001475
3.485,0.001475
3.4875,0.001475
3.49,0.001475
3.4925,0.001475
3.495,0.001475
3.4975,0.001475
3.5,0.001475
3.5025,0.001475
3.505,0.001475
3.5075,0.001475
3.51,0.001475
3.5125,0.001475
3.515,0.001475
3.5175,0.001475
3.52,0.001475
3.5225,0.001475
3.525,0.001475
3.5275,0.001475
3.53,0.001475
3.5325,0.001475
3.535,0.001475
3.5375,0.001475
3.54,0.001475
3.5425,0.001475
3.545,0.001475
3.5475,0.001475
3.55,0.001475
3.5525,0.001475
3.555,0.001475
3.5575,0.001475
3.56,0.001475
3.5625,0.001475
3.565,0.001475
3.5675,0.001475
3.57,0.001475
3.5725,0.001475
3.575,0.001475
3.5775,0.001475
3.58,0.001475
3.5825,0.001475
3.585,0.001475
3.5875,0.001475
3.59,0.001475
3.5925,0.001475
3.595,0.001475
3.5975,0.001475
3.6,0.001475
3.6025,0.001475
3.605,0.001475
3.6075,0.001475
3.61,0.001475
3.6125,0.001475
3.615,0.001475
3.6175,0.001475
3.62,0.001475
3.6225,0.001475
3.625,0.001475
3.6275,0.001475
3.63,0.001475
3.6325,0.001475
3.635,0.001475
3.6375,0.001475
3.64,0.001475
3.6425,0.001475
3.645,0.001475
3.6475,0.001475
3.65,0.001475
3.6525,0.001475
3.655,0.001475
3.6575,0.001475
3.66,0.001475
3.6625,0.001475
3.665,0.001475
3.6675,0.001475
3.67,0.001475
3.6725,0.001475
3.675,0.001475
3.6775,0.001475
3.68,0.001475
3.6825,0.001475
3.685,0.001475
3.6875,0.001475
3.69,0.001475
3.6925,0.001475
3.695,0.001475
3.6975,0.001475
3.7,0.001475
3.7025,0.001475
3.705,0.001475
3.7075,0.001475
3.71,0.001475
3.7125,0.001475
3.715,0.001475
3.7175,0.001475
3.72,0.001475
3.7225,0.001475
3.725,0.001475
3.7275,0.001475
3.73,0.001475
3.7325,0.001475
3.735,0.001475
3.7375,0.001475
3.74,0.001475
3.7425,0.001475
3.745,0.001475
3.7475,0.001475
3.75,0.001475
3.7525,0.001475
3.755,0.001475
3.7575,0.001475
3.76,0.001475
3.7625,0.001475
3.765,0.001475
3.7675,0.001475
3.77,0.001475
3.7725,0.001475
3.775,0.001475
3.7775,0.001475
3.78,0.001475
3.7825,0.001475
3.785,0.001475
3.7875,0.001475
3.79,0.001475
3.7925,0.001475
3.795,0.001475
3.7975,0.001475
3.8,0.001475
3.8025,0.001475
3.805,0.001475
3.8075,0.001475
3.81,0.001475
3.8125,0.001475
3.815,0.001475
3.8175,0.001475
3.82,0.001475
3.8225,0.001475
3.825,0.001475
3.8275,0.001475
3.83,0.001475
3.8325,0.001475
3.835,0.001475
3.8375,0.001475
3.84,0.001475
3.8425,0.001475
3.845,0.001475
3.8475,0.001475
3.85,0.001475
3.8525,0.001475
3.855,0.001475
3.8575,0.001475
3.86,0.001475
3.8625,0.001475
3.865,0.001475
3.8675,0.001475
3.87,0.001475
3.8725,0.001475
3.875,0.001475
3.8775,0.001475
3.88,0.001475
3.8825,0.001475
3.885,0.001475
3.8875,0.001475
3.89,0.001475
3.8925,0.001475
3.895,0.001475
3.8975,0.001475
3.9,0.001475
3.9025,0.001475
3.905,0.001475
3.9075,0.001475
3.91,0.001475
3.9125,0.001475
3.915,0.001475
3.9175,0.001475
3.92,0.001475
3.9225,0.001475
3.925,0.001475
3.9275,0.001475
3.93,0.001475
3.9325,0.001475
3.935,0.001475
3.9375,0.001475
3.94,0.001475
3.9425,0.001475
3.945,0.001475
3.9475,0.001475
3.95,0.001475
3.9525,0.001475
3.955,0.001475
3.9575,0.001475
3.96,0.001475
3.9625,0.001475
3.965,0.001475
3.9675,0.001475
3.97,0.001475
3.9725,0.001475
3.975,0.001475
3.9775,0.001475
3.98,0.001475
3.9825,0.001475
3.985,0.001475
3.9875,0.001475
3.99,0.001475
3.9925,0.001475
3.995,0.001475
3.9975,0.001475
4,0.001475
4.0025,0.001475
4.005,0.001475
4.0075,0.001475
4.01,0.001475
4.0125,0.001475
4.015,0.001475
4.0175,0.001475
4.02,0.001475
4.0225,0.001475
4.025,0.001475
4.0275,0.001475
4.03,0.001475
4.0325,0.001475
4.035,0.001475
4.0375,0.001475
4.04,0.001475
4.0425,0.001475
4.045,0.001475
4.0475,0.001475
4.05,0.001475
4.0525,0.001475
4.055,0.001475
4.0575,0.001475
4.06,0.001475
4.0625,0.001475
4.065,0.001475
4.0675,0.001475
4.07,0.001475
4.0725,0.001475
4.075,0.001475
4.0775,0.001475
4.08,0.001475
4.0825,0.001475
4.085,0.001475
4.0875,0.001475
4.09,0.001475
4.0925,0.001475
4.095,0.001475
4.0975,0.001475
4.1,0.001475
4.1025,0.001475
4.105,0.001475
4.1075,0.001475
4.11,0.001475
4.1125,0.001475
4.115,0.001475
4.1175,0.001475
4.12,0.001475
4.1225,0.001475
4.125,0.001475
4.1275,0.001475
4.13,0.001475
4.1325,0.001475
4.135,0.001475
4.1375,0.001475
4.14,0.001475
4.1425,0.001475
4.145,0.001475
4.1475,0.001475
4.15,0.001475
4.1525,0.001475
4.155,0.001475
4.1575,0.001475
4.16,0.001475
4.1625,0.001475
4.165,0.001475
4.1675,0.001475
4.17,0.001475
4.1725,0.001475
4.175,0.001475
4.1775,0.001475
4.18,0.001475
4.1825,0.001475
4.185,0.001475
4.1875,0.001475
4.19,0.001475
4.1925,0.001475
4.195,0.001475
4.1975,0.001475
4.2,0.001475
4.2025,0.001475
4.205,0.001475
4.2075,0.001475
4.21,0.001475
4.2125,0.001475
4.215,0.001475
4.2175,0.001475
4.22,0.001475
4.2225,0.001475
4.225,0.001475
4.2275,0.001475
4.23,0.001475
4.2325,0.001475
4.235,0.001475
4.2375,0.001475
4.24,0.001475
4.2425,0.001475
4.245,0.001475
4.2475,0.001475
4.25,0.001475
4.2525,0.001475
4.255,0.001475
4.2575,0.001475
4.26,0.001475
4.2625,0.001475
4.265,0.001475
4.2675,0.001475
4.27,0.001475
4.2725,0.001475
4.275,0.001475
4.2775,0.001475
4.28,0.001475
4.2825,0.001475
4.285,0.001475
4.2875,0.001475
4.29,0.001475
4.2925,0.001475
4.295,0.001475
4.2975,0.001475
4.3,0.001475
4.3025,0.001475
4.305,0.001475
4.3075,0.001475
4.31,0.001475
4.3125,0.001475
4.315,0.001475
4.3175,0.001475
4.32,0.001475
4.3225,0.001475
4.325,0.001475
4.3275,0.001475
4.33,0.001475
4.3325,0.001475
4.335,0.001475
4.3375,0.001475
4.34,0.001475
4.3425,0.001475
4.345,0.001475
4.3475,0.001475
4.35,0.001475
4.3525,0.001475
4.355,0.001475
4.3575,0.001475
4.36,0.001475
4.3625,0.001475
4.365,0.001475
4.3675,0.001475
4.37,0.001475
4.3725,0.001475
4.375,0.001475
4.3775,0.001475
4.38,0.001475
4.3825,0.001475
4.385,0.001475
4.3875,0.001475
4.39,0.001475
4.3925,0.001475
4.395,0.001475
4.3975,0.001475
4.4,0.001475
4.4025,0.001475
4.405,0.001475
4.4075,0.001475
4.41,0.001475
4.4125,0.001475
4.415,0.001475
4.4175,0.001475
4.42,0.001475
4.4225,0.001475
4.425,0.001475
4.4275,0.001475
4.43,0.001475
4.4325,0.001475
4.435,0.001475
4.4375,0.001475
4.44,0.001475
4.4425,0.001475
4.445,0.001475
4.4475,0.001475
4.45,0.001475
4.4525,0.001475
4.455,0.001475
4.4575,0.001475
4.46,0.001475
4.4625,0.001475
4.465,0.001475
4.4675,0.001475
4.47,0.001475
4.4725,0.001475
4.475,0.001475
4.4775,0.001475
4.48,0.001475
4.4825,0.001475
4.485,0.001475
4.4875,0.001475
4.49,0.001475
4.4925,0.001475
4.495,0.001475
4.4975,0.001475
4.5,0.001475
4.5025,0.001475
4.505,0.001475
4.5075,0.001475
4.51,0.001475
4.5125,0.001475
4.515,0.001475
4.5175,0.001475
4.52,0.001475
4.5225,0.001475
4.525,0.001475
4.5275,0.001475
4.53,0.001475
4.5325,0.001475
4.535,0.001475
4.5375,0.001475
4.54,0.001475
4.5425,0.001475
4.545,0.001475
4.5475,0.001475
4.55,0.001475
4.5525,0.001475
4.555,0.001475
4.5575,0.001475
4.56,0.001475
4.5625,0.001475
4.565,0.001475
4.5675,0.001475
4.57,0.001475
4.5725,0.001475
4.575,0.001475
4.5775,0.001475
4.58,0.001475
4.5825,0.001475
4.585,0.001475
4.5875,0.001475
4.59,0.001475
4.5925,0.001475
4.595,0.001475
4.5975,0.001475
4.6,0.001475
4.6025,0.001475
4.605,0.001475
4.6075,0.001475
4.61,0.001475
4.6125,0.001475
4.615,0.001475
4.6175,0.001475
4.62,0.001475
4.6225,0.001475
4.625,0.001475
4.6275,0.001475
4.63,0.001475
4.6325,0.001475
4.635,0.001475
4.6375,0.001475
4.64,0.001475
4.6425,0.001475
4.645,0.001475
4.6475,0.001475
4.65,0.001475
4.6525,0.001475
4.655,0.001475
4.6575,0.001475
4.66,0.001475
4.6625,0.001475
4.665,0.001475
4.6675,0.001475
4.67,0.001475
4.6725,0.001475
4.675,0.001475
4.6775,0.001475
4.68,0.001475
4.6825,0.001475
4.685,0.001475
4.6875,0.001475
4.69,0.001475
4.6925,0.001475
4.695,0.001475
4.6975,0.001475
4.7,0.001475
4.7025,0.001475
4.705,0.001475
4.7075,0.001475
4.71,0.001475
4.7125,0.001475
4.715,0.001475
4.7175,0.001475
4.72,0.001475
4.7225,0.001475
4.725,0.001475
4.7275,0.001475
4.73,0.001475
4.7325,0.001475
4.735,0.001475
4.7375,0.001475
4.74,0.001475
4.7425,0.001475
4.745,0.001475
4.7475,0.001525
4.75,0.001525
4.7525,0.001525
4.755,0.001525
4.7575,0.001525
4.76,0.001525
4.7625,0.001525
4.765,0.001525
4.7675,0.001525
4.77,0.001525
4.7725,0.001525
4.775,0.001525
4.7775,0.001525
4.78,0.001525
4.7825,0.001525
4.785,0.001525
4.7875,0.001525
4.79,0.001525
4.7925,0.001525
4.795,0.001525
4.7975,0.001525
4.8,0.001525
4.8025,0.001525
4.805,0.001525
4.8075,0.001525
4.81,0.001525
4.8125,0.001525
4.815,0.001525
4.8175,0.001525
4.82,0.001525
4.8225,0.001525
4.825,0.001525
4.8275,0.001525
4.83,0.001525
4.8325,0.001525
4.835,0.001525
4.8375,0.001525
4.84,0.001525
4.8425,0.001525
4.845,0.001525
4.8475,0.001525
4.85,0.001525
4.8525,0.001525
4.855,0.001525
4.8575,0.001525
4.86,0.001525
4.8625,0.001525
4.865,0.001525
4.8675,0.001525
4.87,0.001525
4.8725,0.001525
4.875,0.001525
4.8775,0.001525
4.88,0.001525
4.8825,0.001525
4.885,0.001525
4.8875,0.001525
4.89,0.001525
4.8925,0.001525
4.895,0.001525
4.8975,0.001525
4.9,0.001525
4.9025,0.001525
4.905,0.001525
4.9075,0.001525
4.91,0.001525
4.9125,0.001525
4.915,0.001525
4.9175,0.001525
4.92,0.001525
4.9225,0.001525
4.925,0.001525
4.9275,0.001525
4.93,0.001525
4.9325,0.001525
4.935,0.001525
4.9375,0.001525
4.94,0.001525
4.9425,0.001525
4.945,0.001525
4.9475,0.001525
4.95,0.001525
4.9525,0.001525
4.955,0.001525
4.9575,0.001525
4.96,0.001525
4.9625,0.001525
4.965,0.001525
4.9675,0.001525
4.97,0.001525
4.9725,0.001525
4.975,0.001525
4.9775,0.001525
4.98,0.001525
4.9825,0.001525
4.985,0.001525
4.9875,0.001525
4.99,0.001525
4.9925,0.001525
4.995,0.001525
4.9975,0.001525
5,0.001525
5.0025,0.001525
5.005,0.001525
5.0075,0.001525
5.01,0.001525
5.0125,0.001525
5.015,0.001525
5.0175,0.001525
5.02,0.001525
5.0225,0.001525
5.025,0.001525
5.0275,0.001525
5.03,0.001525
5.0325,0.001525
5.035,0.001525
5.0375,0.001525
5.04,0.001525
5.0425,0.001525
5.045,0.001525
5.0475,0.001525
5.05,0.001525
5.0525,0.001525
5.055,0.001525
5.0575,0.001525
5.06,0.001525
5.0625,0.001525
5.065,0.001525
5.0675,0.001525
5.07,0.001525
5.0725,0.001525
5.075,0.001525
5.0775,0.001525
5.08,0.001525
5.0825,0.001525
5.085,0.001525
5.0875,0.001525
5.09,0.001525
5.0925,0.001525
5.095,0.001525
5.0975,0.001525
5.1,0.001525
5.1025,0.001525
5.105,0.001525
5.1075,0.001525
5.11,0.001525
5.1125,0.001525
5.115,0.001525
5.1175,0.001525
5.12,0.001525
5.1225,0.001525
5.125,0.001525
5.1275,0.001525
5.13,0.001525
5.1325,0.001525
5.135,0.001525
5.1375,0.001525
5.14,0.001525
5.1425,0.001525
5.145,0.001525
5.1475,0.001525
5.15,0.001525
5.1525,0.001525
5.155,0.001525
5.1575,0.001525
5.16,0.001525
5.1625,0.001525
5.165,0.001525
5.1675,0.001525
5.17,0.001525
5.1725,0.001525
5.175,0.001525
5.1775,0.001525
5.18,0.001525
5.1825,0.001525
5.185,0.001525
5.1875,0.001525
5.19,0.001525
5.1925,0.001525
5.195,0.001525
5.1975,0.001525
5.2,0.001525
5.2025,0.001525
5.205,0.001525
5.2075,0.001525
5.21,0.001525
5.2125,0.001525
5.215,0.001525
5.2175,0.001525
5.22,0.001525
5.2225,0.001525
5.225,0.001525
5.2275,0.001525
5.23,0.001525
5.2325,0.001525
5.235,0.001525
5.2375,0.001525
5.24,0.001525
5.2425,0.001525
5.245,0.001525
5.2475,0.001525
5.25,0.001525
5.2525,0.001525
5.255,0.001525
5.2575,0.001525
5.26,0.001525
5.2625,0.001525
5.265,0.001525
5.2675,0.001525
5.27,0.001525
5.2725,0.001525
5.275,0.001525
5.2775,0.001525
5.28,0.001525
5.2825,0.001525
5.285,0.001525
5.2875,0.001525
5.29,0.001525
5.2925,0.001525
5.295,0.001525
5.2975,0.001525
5.3,0.001525
5.3025,0.001525
5.305,0.001525
5.3075,0.001525
5.31,0.001525
5.3125,0.001525
5.315,0.001525
5.3175,0.001525
5.32,0.001525
5.3225,0.001525
5.325,0.001525
5.3275,0.001525
5.33,0.001525
5.3325,0.001525
5.335,0.001525
5.3375,0.001525
5.34,0.001525
5.3425,0.001525
5.345,0.001525
5.3475,0.001525
5.35,0.001525
5.3525,0.001525
5.355,0.001525
5.3575,0.001525
5.36,0.001525
5.3625,0.001525
5.365,0.001525
5.3675,0.001525
5.37,0.001525
5.3725,0.001525
5.375,0.001525
5.3775,0.001525
5.38,0.001525
5.3825,0.001525
5.385,0.001525
5.3875,0.001525
5.39,0.001525
5.3925,0.001525
5.395,0.001525
5.3975,0.001525
5.4,0.001525
5.4025,0.001525
5.405,0.001525
5.4075,0.001525
5.41,0.001525
5.4125,0.001525
5.415,0.001525
5.4175,0.001525
5.42,0.001525
5.4225,0.001525
5.425,0.001525
5.4275,0.001525
5.43,0.001525
5.4325,0.001525
5.435,0.001525
5.4375,0.001525
5.44,0.001525
5.4425,0.001525
5.445,0.001525
5.4475,0.001525
5.45,0.001525
5.4525,0.001525
5.455,0.001525
5.4575,0.001525
5.46,0.001525
5.4625,0.001525
5.465,0.001525
5.4675,0.001525
5.47,0.001525
5.4725,0.001525
5.475,0.001525
5.4775,0.001525
5.48,0.001525
5.4825,0.001525
5.485,0.001525
5.4875,0.001525
5.49,0.001525
5.4925,0.001525
5.495,0.001525
5.4975,0.001525
5.5,0.001525
5.5025,0.001525
5.505,0.001525
5.5075,0.001525
5.51,0.001525
5.5125,0.001525
5.515,0.001525
5.5175,0.001525
5.52,0.001525
5.5225,0.001525
5.525,0.001525
5.5275,0.001525
5.53,0.001525
5.5325,0.001525
5.535,0.001525
5.5375,0.001525
5.54,0.001525
5.5425,0.001525
5.545,0.001525
5.5475,0.001525
5.55,0.001525
5.5525,0.001525
5.555,0.001525
5.5575,0.001525
5.56,0.001525
5.5625,0.001525
5.565,0.001525
5.5675,0.001525
5.57,0.001525
5.5725,0.001525
5.575,0.001525
5.5775,0.001525
5.58,0.001525
5.5825,0.001525
5.585,0.001525
5.5875,0.001525
5.59,0.001525
5.5925,0.001525
5.595,0.001525
5.5975,0.001525
5.6,0.001525
5.6025,0.001525
5.605,0.001525
5.6075,0.001525
5.61,0.001525
5.6125,0.001525
5.615,0.001525
5.6175,0.001525
5.62,0.001525
5.6225,0.001525
5.625,0.001525
5.6275,0.001525
5.63,0.001525
5.6325,0.001525
5.635,0.001525
5.6375,0.001525
5.64,0.001525
5.6425,0.001525
5.645,0.001525
5.6475,0.001525
5.65,0.001525
5.6525,0.001525
5.655,0.001525
5.6575,0.001525
5.66,0.001525
5.6625,0.001525
5.665,0.001525
5.6675,0.001525
5.67,0.001525
5.6725,0.001525
5.675,0.001525
5.6775,0.001525
5.68,0.001525
5.6825,0.001525
5.685,0.001525
5.6875,0.001525
5.69,0.001525
5.6925,0.001525
5.695,0.001525
5.6975,0.001525
5.7,0.001525
5.7025,0.001525
5.705,0.001525
5.7075,0.001525
5.71,0.001525
5.7125,0.001525
5.715,0.001525
5.7175,0.001525
5.72,0.001525
5.7225,0.001525
5.725,0.001525
5.7275,0.001525
5.73,0.001525
5.7325,0.001525
5.735,0.001525
5.7375,0.001525
5.74,0.001525
5.7425,0.001525
5.745,0.001525
5.7475,0.001525
5.75,0.001525
5.7525,0.001525
5.755,0.001525
5.7575,0.001525
5.76,0.001525
5.7625,0.001525
5.765,0.001525
5.7675,0.001525
5.77,0.001525
5.7725,0.001525
5.775,0.001525
5.7775,0.001525
5.78,0.001525
5.7825,0.001525
5.785,0.001525
5.7875,0.001525
5.79,0.001525
5.7925,0.001525
5.795,0.001525
5.7975,0.001575
5.8,0.001575
5.8025,0.001575
5.805,0.001575
5.8075,0.001575
5.81,0.001575
5.8125,0.001575
5.815,0.001575
5.8175,0.001575
5.82,0.001575
5.8225,0.001575
5.825,0.001575
5.8275,0.001575
5.83,0.001575
5.8325,0.001575
5.835,0.001575
5.8375,0.001575
5.84,0.001575
5.8425,0.001575
5.845,0.001575
5.8475,0.001575
5.85,0.001575
5.8525,0.001575
5.855,0.001575
5.8575,0.001575
5.86,0.001575
5.8625,0.001575
5.865,0.001575
5.8675,0.001575
5.87,0.001575
5.8725,0.001575
5.875,0.001575
5.8775,0.001575
5.88,0.001575
5.8825,0.001575
5.885,0.001575
5.8875,0.001575
5.89,0.001575
5.8925,0.001575
5.895,0.001575
5.8975,0.001575
5.9,0.001575
5.9025,0.001575
5.905,0.001575
5.9075,0.001575
5.91,0.001575
5.9125,0.001575
5.915,0.001575
5.9175,0.001575
5.92,0.001575
5.9225,0.001575
5.925,0.001575
5.9275,0.001575
5.93,0.001575
5.9325,0.001575
5.935,0.001575
5.9375,0.001575
5.94,0.001575
5.9425,0.001575
5.945,0.001575
5.9475,0.001575
5.95,0.001575
5.9525,0.001575
5.955,0.001575
5.9575,0.001575
5.96,0.001575
5.9625,0.001575
5.965,0.001575
5.9675,0.001575
5.97,0.001575
5.9725,0.001575
5.975,0.001575
5.9775,0.001575
5.98,0.001575
5.9825,0.001575
5.985,0.001575
5.9875,0.001575
5.99,0.001575
5.9925,0.001575
5.995,0.001575
5.9975,0.001575
6,0.001575
6.0025,0.001575
6.005,0.001575
6.0075,0.001575
6.01,0.001575
6.0125,0.001575
6.015,0.001575
6.0175,0.001575
6.02,0.001575
6.0225,0.001575
6.025,0.001575
6.0275,0.001575
6.03,0.001575
6.0325,0.001575
6.035,0.001575
6.0375,0.001575
6.04,0.001575
6.0425,0.001575
6.045,0.001575
6.0475,0.001575
6.05,0.001575
6.0525,0.001575
6.055,0.001575
6.0575,0.001575
6.06,0.001575
6.0625,0.001575
6.065,0.001575
6.0675,0.001575
6.07,0.001575
6.0725,0.001575
6.075,0.001575
6.0775,0.001575
6.08,0.001575
6.0825,0.001575
6.085,0.001575
6.0875,0.001575
6.09,0.001575
6.0925,0.001575
6.095,0.001575
6.0975,0.001575
6.1,0.001575
6.1025,0.001575
6.105,0.001575
6.1075,0.001575
6.11,0.001575
6.1125,0.001575
6.115,0.001575
6.1175,0.001575
6.12,0.001575
6.1225,0.001575
6.125,0.001575
6.1275,0.001575
6.13,0.001575
6.1325,0.001575
6.135,0.001575
6.1375,0.001575
6.14,0.001575
6.1425,0.001575
6.145,0.001575
6.1475,0.001575
6.15,0.001575
6.1525,0.001575
6.155,0.001575
6.1575,0.001575
6.16,0.001575
6.1625,0.001575
6.165,0.001575
6.1675,0.001575
6.17,0.001575
6.1725,0.001575
6.175,0.001575
6.1775,0.001575
6.18,0.001575
6.1825,0.001575
6.185,0.001575
6.1875,0.001575
6.19,0.001575
6.1925,0.001575
6.195,0.001575
6.1975,0.001575
6.2,0.001575
6.2025,0.001575
6.205,0.001575
6.2075,0.001575
6.21,0.001575
6.2125,0.001575
6.215,0.001575
6.2175,0.001575
6.22,0.001575
6.2225,0.001575
6.225,0.001575
6.2275,0.001575
6.23,0.001575
6.2325,0.001575
6.235,0.001575
6.2375,0.001575
6.24,0.001575
6.2425,0.001575
6.245,0.001575
6.2475,0.001575
6.25,0.001575
6.2525,0.001575
6.255,0.001575
6.2575,0.001575
6.26,0.001575
6.2625,0.001575
6.265,0.001575
6.2675,0.001575
6.27,0.001575
6.2725,0.001575
6.275,0.001575
6.2775,0.001575
6.28,0.001575
6.2825,0.001575
6.285,0.001575
6.2875,0.001575
6.29,0.001575
6.2925,0.001575
6.295,0.001575
6.2975,0.001575
6.3,0.001575
6.3025,0.001575
6.305,0.001575
6.3075,0.001575
6.31,0.001575
6.3125,0.001575
6.315,0.001575
6.3175,0.001575
6.32,0.001575
6.3225,0.001575
6.325,0.001575
6.3275,0.001575
6.33,0.001575
6.3325,0.001575
6.335,0.001575
6.3375,0.001575
6.34,0.001575
6.3425,0.001575
6.345,0.001575
6.3475,0.001575
6.35,0.001575
6.3525,0.001575
6.355,0.001575
6.3575,0.001575
6.36,0.001575
6.3625,0.001575
6.365,0.001575
6.3675,0.001575
6.37,0.001575
6.3725,0.001575
6.375,0.001575
6.3775,0.001575
6.38,0.001575
6.3825,0.001575
6.385,0.001575
6.3875,0.001575
6.39,0.001575
6.3925,0.001575
6.395,0.001575
6.3975,0.001575
6.4,0.001575
6.4025,0.001575
6.405,0.001575
6.4075,0.001575
6.41,0.001575
6.4125,0.001575
6.415,0.001575
6.4175,0.001575
6.42,0.001575
6.4225,0.001575
6.425,0.001575
6.4275,0.001575
6.43,0.001575
6.4325,0.001575
6.435,0.001575
6.4375,0.001575
6.44,0.001575
6.4425,0.001575
6.445,0.001575
6.4475,0.001575
6.45,0.001575
6.4525,0.001575
6.455,0.001575
6.4575,0.001575
6.46,0.001575
6.4625,0.001575
6.465,0.001575
6.4675,0.001575
6.47,0.001575
6.4725,0.001575
6.475,0.001575
6.4775,0.001575
6.48,0.001575
6.4825,0.001575
6.485,0.001575
6.4875,0.001575
6.49,0.001575
6.4925,0.001575
6.495,0.001575
6.4975,0.001575
6.5,0.001575
6.5025,0.001575
6.505,0.001575
6.5075,0.001575
6.51,0.001575
6.5125,0.001575
6.515,0.001575
6.5175,0.001575
6.52,0.001575
6.5225,0.001575
6.525,0.001575
6.5275,0.001575
6.53,0.001575
6.5325,0.001575
6.535,0.001575
6.5375,0.001575
6.54,0.001575
6.5425,0.001575
6.545,0.001575
6.5475,0.001575
6.55,0.001575
6.5525,0.001575
6.555,0.001575
6.5575,0.001575
6.56,0.001575
6.5625,0.001575
6.565,0.001575
6.5675,0.001575
6.57,0.001575
6.5725,0.001575
6.575,0.001575
6.5775,0.001575
6.58,0.001575
6.5825,0.001575
6.585,0.001575
6.5875,0.001575
6.59,0.001575
6.5925,0.001575
6.595,0.001575
6.5975,0.001575
6.6,0.001575
6.6025,0.001575
6.605,0.001575
6.6075,0.001575
6.61,0.001575
6.6125,0.001575
6.615,0.001575
6.6175,0.001575
6.62,0.001575
6.6225,0.001575
6.625,0.001575
6.6275,0.001575
6.63,0.001575
6.6325,0.001575
6.635,0.001575
6.6375,0.001575
6.64,0.001575
6.6425,0.001575
6.645,0.001575
6.6475,0.001575
6.65,0.001575
6.6525,0.001575
6.655,0.001575
6.6575,0.001575
6.66,0.001575
6.6625,0.001575
6.665,0.001575
6.6675,0.001575
6.67,0.001575
6.6725,0.001575
6.675,0.001575
6.6775,0.001575
6.68,0.001575
6.6825,0.001575
6.685,0.001575
6.6875,0.001575
6.69,0.001575
6.6925,0.001575
6.695,0.001575
6.6975,0.001575
6.7,0.001575
6.7025,0.001575
6.705,0.001575
6.7075,0.001575
6.71,0.001575
6.7125,0.001575
6.715,0.001575
6.7175,0.001575
6.72,0.001575
6.7225,0.001575
6.725,0.001575
6.7275,0.001575
6.73,0.001575
6.7325,0.001575
6.735,0.001575
6.7375,0.001575
6.74,0.001575
6.7425,0.001575
6.745,0.001575
6.7475,0.001575
6.75,0.001575
6.7525,0.001575
6.755,0.001575
6.7575,0.001575
6.76,0.001575
6.7625,0.001575
6.765,0.001575
6.7675,0.001575
6.77,0.001575
6.7725,0.001575
6.775,0.001575
6.7775,0.001575
6.78,0.001575
6.7825,0.001575
6.785,0.001575
6.7875,0.001575
6.79,0.001575
6.7925,0.001575
6.795,0.001575
6.7975,0.001575
6.8,0.001575
6.8025,0.001575
6.805,0.001575
6.8075,0.001575
6.81,0.001575
6.8125,0.001575
6.815,0.001575
6.8175,0.001575
6.82,0.001575
6.8225,0.001575
6.825,0.001575
6.8275,0.001575
6.83,0.001575
6.8325,0.001575
6.835,0.001575
6.8375,0.001625
6.84,0.001625
6.8425,0.001625
6.845,0.001625
6.8475,0.001625
6.85,0.001625
6.8525,0.001625
6.855,0.001625
6.8575,0.001625
6.86,0.001625
6.8625,0.001625
6.865,0.001625
6.8675,0.001625
6.87,0.001625
6.8725,0.001625
6.875,0.001625
6.8775,0.001625
6.88,0.001625
6.8825,0.001625
6.885,0.001625
6.8875,0.001625
6.89,0.001625
6.8925,0.001625
6.895,0.001625
6.8975,0.001625
6.9,0.001625
6.9025,0.001625
6.905,0.001625
6.9075,0.001625
6.91,0.001625
6.9125,0.001625
6.915,0.001625
6.9175,0.001625
6.92,0.001625
6.9225,0.001625
6.925,0.001625
6.9275,0.001625
6.93,0.001625
6.9325,0.001625
6.935,0.001625
6.9375,0.001625
6.94,0.001625
6.9425,0.001625
6.945,0.001625
6.9475,0.001625
6.95,0.001625
6.9525,0.001625
6.955,0.001625
6.9575,0.001625
6.96,0.001625
6.9625,0.001625
6.965,0.001625
6.9675,0.001625
6.97,0.001625
6.9725,0.001625
6.975,0.001625
6.9775,0.001625
6.98,0.001625
6.9825,0.001625
6.985,0.001625
6.9875,0.001625
6.99,0.001625
6.9925,0.001625
6.995,0.001625
6.9975,0.001625
7,0.001625
7.0025,0.001625
7.005,0.001625
7.0075,0.001625
7.01,0.001625
7.0125,0.001625
7.015,0.001625
7.0175,0.001625
7.02,0.001625
7.0225,0.001625
7.025,0.001625
7.0275,0.001625
7.03,0.001625
7.0325,0.001625
7.035,0.001625
7.0375,0.001625
7.04,0.001625
7.0425,0.001625
7.045,0.001625
7.0475,0.001625
7.05,0.001625
7.0525,0.001625
7.055,0.001625
7.0575,0.001625
7.06,0.001625
7.0625,0.001625
7.065,0.001625
7.0675,0.001625
7.07,0.001625
7.0725,0.001625
7.075,0.001625
7.0775,0.001625
7.08,0.001625
7.0825,0.001625
7.085,0.001625
7.0875,0.001625
7.09,0.001625
7.0925,0.001625
7.095,0.001625
7.0975,0.001625
7.1,0.001625
7.1025,0.001625
7.105,0.001625
7.1075,0.001625
7.11,0.001625
7.1125,0.001625
7.115,0.001625
7.1175,0.001625
7.12,0.001625
7.1225,0.001625
7.125,0.001625
7.1275,0.001625
7.13,0.001625
7.1325,0.001625
7.135,0.001625
7.1375,0.001625
7.14,0.001625
7.1425,0.001625
7.145,0.001625
7.1475,0.001625
7.15,0.001625
7.1525,0.001625
7.155,0.001625
7.1575,0.001625
7.16,0.001625
7.1625,0.001625
7.165,0.001625
7.1675,0.001625
7.17,0.001625
7.1725,0.001625
7.175,0.001625
7.1775,0.001625
7.18,0.001625
7.1825,0.001625
7.185,0.001625
7.1875,0.001625
7.19,0.001625
7.1925,0.001625
7.195,0.001625
7.1975,0.001625
7.2,0.001625
7.2025,0.001625
7.205,0.001625
7.2075,0.001625
7.21,0.001625
7.2125,0.001625
7.215,0.001625
7.2175,0.001625
7.22,0.001625
7.2225,0.001625
7.225,0.001625
7.2275,0.001625
7.23,0.001625
7.2325,0.001625
7.235,0.001625
7.2375,0.001625
7.24,0.001625
7.2425,0.001625
7.245,0.001625
7.2475,0.001625
7.25,0.001625
7.2525,0.001625
7.255,0.001625
7.2575,0.001625
7.26,0.001625
7.2625,0.001625
7.265,0.001625
7.2675,0.001625
7.27,0.001625
7.2725,0.001625
7.275,0.001625
7.2775,0.001625
7.28,0.001625
7.2825,0.001625
7.285,0.001625
7.2875,0.001625
7.29,0.001625
7.2925,0.001625
7.295,0.001625
7.2975,0.001625
7.3,0.001625
7.3025,0.001625
7.305,0.001625
7.3075,0.001625
7.31,0.001625
7.3125,0.001625
7.315,0.001625
7.3175,0.001625
7.32,0.001625
7.3225,0.001625
7.325,0.001625
7.3275,0.001625
7.33,0.001625
7.3325,0.001625
7.335,0.001625
7.3375,0.001625
7.34,0.001625
7.3425,0.001625
7.345,0.001625
7.3475,0.001625
7.35,0.001625
7.3525,0.001625
7.355,0.001625
7.3575,0.001625
7.36,0.001625
7.3625,0.001625
7.365,0.001625
7.3675,0.001625
7.37,0.001625
7.3725,0.001625
7.375,0.001625
7.3775,0.001625
7.38,0.001625
7.3825,0.001625
7.385,0.001625
7.3875,0.001625
7.39,0.001625
7.3925,0.001625
7.395,0.001625
7.3975,0.001625
7.4,0.001625
7.4025,0.001625
7.405,0.001625
7.4075,0.001625
7.41,0.001625
7.4125,0.001625
7.415,0.001625
7.4175,0.001625
7.42,0.001625
7.4225,0.001625
7.425,0.001625
7.4275,0.001625
7.43,0.001625
7.4325,0.001625
7.435,0.001625
7.4375,0.001625
7.44,0.001625
7.4425,0.001625
7.445,0.001625
7.4475,0.001625
7.45,0.001625
7.4525,0.001625
7.455,0.001625
7.4575,0.001625
7.46,0.001625
7.4625,0.001625
7.465,0.001625
7.4675,0.001625
7.47,0.001625
7.4725,0.001625
7.475,0.001625
7.4775,0.001625
7.48,0.001625
7.4825,0.001625
7.485,0.001625
7.4875,0.001625
7.49,0.001625
7.4925,0.001625
7.495,0.001625
7.4975,0.001625
7.5,0.001625
7.5025,0.001625
7.505,0.001625
7.5075,0.001625
7.51,0.001625
7.5125,0.001625
7.515,0.001625
7.5175,0.001625
7.52,0.001625
7.5225,0.001625
7.525,0.001625
7.5275,0.001625
7.53,0.001625
7.5325,0.001625
7.535,0.001625
7.5375,0.001625
7.54,0.001625
7.5425,0.001625
7.545,0.001625
7.5475,0.001625
7.55,0.001625
7.5525,0.001625
7.555,0.001625
7.5575,0.001625
7.56,0.001625
7.5625,0.001625
7.565,0.001625
7.5675,0.001625
7.57,0.001625
7.5725,0.001625
7.575,0.001625
7.5775,0.001625
7.58,0.001625
7.5825,0.001625
7.585,0.001625
7.5875,0.001625
7.59,0.001625
7.5925,0.001625
7.595,0.001625
7.5975,0.001625
7.6,0.001625
7.6025,0.001625
7.605,0.001625
7.6075,0.001625
7.61,0.001625
7.6125,0.001625
7.615,0.001625
7.6175,0.001625
7.62,0.001625
7.6225,0.001625
7.625,0.001625
7.6275,0.001625
7.63,0.001625
7.6325,0.001625
7.635,0.001625
7.6375,0.001625
7.64,0.001625
7.6425,0.001625
7.645,0.001625
7.6475,0.001625
7.65,0.001625
7.6525,0.001625
7.655,0.001625
7.6575,0.001625
7.66,0.001625
7.6625,0.001625
7.665,0.001625
7.6675,0.001625
7.67,0.001625
7.6725,0.001625
7.675,0.001625
7.6775,0.001625
7.68,0.001625
7.6825,0.001625
7.685,0.001625
7.6875,0.001625
7.69,0.001625
7.6925,0.001625
7.695,0.001625
7.6975,0.001625
7.7,0.001625
7.7025,0.001625
7.705,0.001625
7.7075,0.001625
7.71,0.001625
7.7125,0.001625
7.715,0.001625
7.7175,0.001625
7.72,0.001625
7.7225,0.001625
7.725,0.001625
7.7275,0.001625
7.73,0.001625
7.7325,0.001625
7.735,0.001625
7.7375,0.001625
7.74,0.001625
7.7425,0.001625
7.745,0.001625
7.7475,0.001625
7.75,0.001625
7.7525,0.001625
7.755,0.001625
7.7575,0.001625
7.76,0.001625
7.7625,0.001625
7.765,0.001625
7.7675,0.001625
7.77,0.001625
7.7725,0.001625
7.775,0.001625
7.7775,0.001625
7.78,0.001625
7.7825,0.001625
7.785,0.001625
7.7875,0.001625
7.79,0.001625
7.7925,0.001625
7.795,0.001625
7.7975,0.001625
7.8,0.001625
7.8025,0.001625
7.805,0.001625
7.8075,0.001625
7.81,0.001625
7.8125,0.001625
7.815,0.001625
7.8175,0.001625
7.82,0.001625
7.8225,0.001625
7.825,0.001625
7.8275,0.001625
7.83,0.001625
7.8325,0.001625
7.835,0.001625
7.8375,0.001625
7.84,0.001625
7.8425,0.001625
7.845,0.001625
7.8475,0.001625
7.85,0.001625
7.8525,0.001625
7.855,0.001625
7.8575,0.001625
7.86,0.001625
7.8625,0.001625
7.865,0.001625
7.8675,0.001625
7.87,0.001625
7.8725,0.001625
7.875,0.001625
7.8775,0.001875
7.88,0.001875
7.8825,0.001875
7.885,0.001875
7.8875,0.001875
7.89,0.001875
7.8925,0.001875
7.895,0.001875
7.8975,0.001875
7.9,0.001875
7.9025,0.001875
7.905,0.001875
7.9075,0.001875
7.91,0.001875
7.9125,0.001875
7.915,0.001875
7.9175,0.001875
7.92,0.001875
7.9225,0.001875
7.925,0.001875
7.9275,0.001875
7.93,0.001875
7.9325,0.001875
7.935,0.001875
7.9375,0.001875
7.94,0.001875
7.9425,0.001875
7.945,0.001875
7.9475,0.001875
7.95,0.001875
7.9525,0.001875
7.955,0.001875
7.9575,0.001875
7.96,0.001875
7.9625,0.001875
7.965,0.001875
7.9675,0.001875
7.97,0.001875
7.9725,0.001875
7.975,0.001875
7.9775,0.001875
7.98,0.001875
7.9825,0.001875
7.985,0.001875
7.9875,0.001875
7.99,0.001875
7.9925,0.001875
7.995,0.001875
7.9975,0.001875
8,0.001875
8.0025,0.001875
8.005,0.001875
8.0075,0.001875
8.01,0.001875
8.0125,0.001875
8.015,0.001875
8.0175,0.001875
8.02,0.001875
8.0225,0.001875
8.025,0.001875
8.0275,0.001875
8.03,0.001875
8.0325,0.001875
8.035,0.001875
8.0375,0.001875
8.04,0.001875
8.0425,0.001875
8.045,0.001875
8.0475,0.001875
8.05,0.001875
8.0525,0.001875
8.055,0.001875
8.0575,0.001875
8.06,0.001875
8.0625,0.001875
8.065,0.001875
8.0675,0.001875
8.07,0.001875
8.0725,0.001875
8.075,0.001875
8.0775,0.001875
8.08,0.001875
8.0825,0.001875
8.085,0.001875
8.0875,0.001875
8.09,0.001875
8.0925,0.001875
8.095,0.001875
8.0975,0.001875
8.1,0.001875
8.1025,0.001875
8.105,0.001875
8.1075,0.001875
8.11,0.001875
8.1125,0.001875
8.115,0.001875
8.1175,0.001875
8.12,0.001875
8.1225,0.001875
8.125,0.001875
8.1275,0.001875
8.13,0.001875
8.1325,0.001875
8.135,0.001875
8.1375,0.001875
8.14,0.001875
8.1425,0.001875
8.145,0.001875
8.1475,0.001875
8.15,0.001875
8.1525,0.001875
8.155,0.001875
8.1575,0.001875
8.16,0.001875
8.1625,0.002775
8.165,0.002825
8.1675,0.002825
8.17,0.002825
8.1725,0.002825
8.175,0.002825
8.1775,0.002825
8.18,0.002825
8.1825,0.002825
8.185,0.002825
8.1875,0.002825
8.19,0.002825
8.1925,0.002825
8.195,0.002825
8.1975,0.002825
8.2,0.002825
8.2025,0.002825
8.205,0.002825
8.2075,0.002825
8.21,0.002825
8.2125,0.002825
8.215,0.002825
8.2175,0.002825
8.22,0.002825
8.2225,0.002825
8.225,0.002825
8.2275,0.002825
8.23,0.002825
8.2325,0.002825
8.235,0.002825
8.2375,0.002825
8.24,0.002825
8.2425,0.002825
8.245,0.002825
8.2475,0.002825
8.25,0.002825
8.2525,0.002825
8.255,0.002825
8.2575,0.002825
8.26,0.002825
8.2625,0.002825
8.265,0.002825
8.2675,0.002825
8.27,0.002825
8.2725,0.002825
8.275,0.002825
8.2775,0.002825
8.28,0.002825
8.2825,0.002825
8.285,0.002825
8.2875,0.002825
8.29,0.002825
